Dấu thời gian,"Trong 6 tháng gần đây, anh/chị có sử dụng ứng dụng giao đồ ăn trực tuyến không?",1. Giới tính của anh/chị?,2. Độ tuổi của anh/chị?,3. Nghề nghiệp chính của anh/chị là?,4. Thu nhập hàng tháng của anh/chị?,5. Mức độ bận rộn công việc của anh/chị?,6. Ứng dụng giao đồ ăn trực tuyến anh/chị thường xuyên sử dụng nhất là?,7. Tần suất anh/chị sử dụng ứng dụng giao đồ ăn trực tuyến?,8. Thời gian sử dụng ứng dụng giao đồ ăn trực tuyến của anh/chị là?,Độ tin cậy của ứng dụng giao đồ ăn trực tuyến [Tôi tin vào độ tin cậy của ứng dụng khi đặt hàng],Độ tin cậy của ứng dụng giao đồ ăn trực tuyến [Tôi cảm thấy an toàn khi đặt đồ ăn thông qua ứng dụng.],Độ tin cậy của ứng dụng giao đồ ăn trực tuyến [Thông tin được cung cấp bởi ứng dụng là đáng tin cậy],Độ tin cậy của ứng dụng giao đồ ăn trực tuyến [Ứng dụng hiển thị kết quả đúng với những thao tác của tôi],Sự thuận tiện của ứng dụng giao đồ ăn trực tuyến [Tôi cảm thấy thuận tiện khi sử dụng ứng dụng],Sự thuận tiện của ứng dụng giao đồ ăn trực tuyến [Ứng dụng cho phép tôi gọi đồ ăn bất cứ lúc nào.],Sự thuận tiện của ứng dụng giao đồ ăn trực tuyến [Ứng dụng cho phép tôi gọi đồ ăn ở bất kì nơi đâu.],Sự thuận tiện của ứng dụng giao đồ ăn trực tuyến [Tôi cảm thấy thuận tiện khi so sánh giá đồ ăn từ những địa điểm ăn uống khác nhau trên ứng dụng],Thông tin về giá cả trên ứng dụng giao hàng trực tuyến [Ứng dụng hiển thị thông tin giá  từng sản phẩm.],Thông tin về giá cả trên ứng dụng giao hàng trực tuyến [Ứng dụng hiển thị tổng giá mà người dùng phải trả.],Thông tin về giá cả trên ứng dụng giao hàng trực tuyến [Ứng dụng hiển thị các chương trình khuyến mãi hiện hành],Thông tin về giá cả trên ứng dụng giao hàng trực tuyến [Ứng dụng hiển thị giá dựa trên yêu cầu của người dùng.],Sự hài lòng khi sử dụng ứng dụng giao đồ ăn trực tuyến [Tôi thích sử dụng ứng dụng giao đồ ăn trực tuyến.],Sự hài lòng khi sử dụng ứng dụng giao đồ ăn trực tuyến [Tôi cảm thấy hài lòng khi sử dụng ứng dụng.],Sự hài lòng khi sử dụng ứng dụng giao đồ ăn trực tuyến [Tôi cảm thấy hạnh phúc khi sử dụng ứng dụng.],Sự hài lòng khi sử dụng ứng dụng giao đồ ăn trực tuyến [Tôi cảm thấy tự tin khi sử dụng ứng dụng.],Sự kích thích khi sử dụng ứng dụng giao hàng trực tuyến [Tôi cảm thấy ứng dụng rất thú vị khi sử dụng],Sự kích thích khi sử dụng ứng dụng giao hàng trực tuyến [Tôi cảm thấy hào hứng khi sử dụng ứng dụng.],Sự kích thích khi sử dụng ứng dụng giao hàng trực tuyến [Tôi tích cực khám phá khi sử dụng ứng dụng.],Sự kích thích khi sử dụng ứng dụng giao hàng trực tuyến [Tôi rất nhiệt tình khi sử dụng ứng dụng.],Quyền kiểm soát khi sử dụng ứng dụng giao hàng trực tuyến [Tôi cảm thấy tự chủ khi sử dụng ứng dụng.],Quyền kiểm soát khi sử dụng ứng dụng giao hàng trực tuyến [Tôi có quyền kiểm soát ứng dụng.],Quyền kiểm soát khi sử dụng ứng dụng giao hàng trực tuyến [Tôi có thể tự do lựa chọn sản phẩm trên ứng dụng.],Quyền kiểm soát khi sử dụng ứng dụng giao hàng trực tuyến [Tôi có thể lựa chọn sản phẩm dựa trên kinh nghiệm của bản thân],Ý định tiếp tục sử dụng ứng dụng giao đồ ăn trực tuyến [Tôi có ý định sử dụng lại ứng dụng.],Ý định tiếp tục sử dụng ứng dụng giao đồ ăn trực tuyến [Tôi chọn sử dụng một ứng dụng thay vì sử dụng một ứng dụng khác tương đồng.],Ý định tiếp tục sử dụng ứng dụng giao đồ ăn trực tuyến [Tôi sẽ mời những người khác sử dụng ứng dụng.],Ý định tiếp tục sử dụng ứng dụng giao đồ ăn trực tuyến [Tôi dự định sẽ luôn sử dụng ứng dụng trong cuộc sống hàng ngày của mình.],Anh/chị nhận được phiếu khảo sát từ ai?,,,,,,
4/12/2024 5:58:21,Có,Nam,Từ 18 đến 25 tuổi,Sinh viên,Từ 3 đến 5 triệu đồng,Ít bận rộn,beFood (be),Ít hơn 1 lần/tháng,Dưới 1 năm,4,4,3,3,4,4,4,4,4,4,3,3,4,4,4,4,3,3,1,1,3,3,3,3,3,3,2,3,,,,,,,
4/13/2024 9:51:43,Có,Nam,Từ 18 đến 25 tuổi,Sinh viên,Dưới 3 triệu đồng,Bình thường,GoFood (Gojek),Từ 3 đến 4 lần/tháng,Từ 1 đến 2 năm,5,4,5,4,4,5,5,3,5,5,5,3,4,5,5,4,4,4,5,5,4,5,4,3,5,5,2,5,Quang Nhật,,Có,0,,,
4/13/2024 12:32:17,Có,Nữ,Từ 18 đến 25 tuổi,Sinh viên,Dưới 3 triệu đồng,Rất ít bận rộn,GoFood (Gojek),Từ 1 đến 2 lần/tháng,Dưới 1 năm,3,3,3,4,4,4,3,3,3,3,3,4,4,4,3,3,3,3,4,4,3,4,3,3,3,4,3,3,Quang Nhật,,Không,0,,,
4/13/2024 12:46:24,Có,Nữ,Từ 18 đến 25 tuổi,Sinh viên,Dưới 3 triệu đồng,Bận rộn,GoFood (Gojek),Ít hơn 1 lần/tháng,Từ 1 đến 2 năm,5,5,5,5,5,5,5,5,5,5,5,5,3,4,3,3,3,3,3,2,4,4,5,5,4,2,3,3,Quang Nhật,,,0,,,
4/13/2024 12:48:15,Có,Nữ,Từ 18 đến 25 tuổi,Sinh viên,Dưới 3 triệu đồng,Bận rộn,ShopeeFood (Shopee),Từ 1 đến 2 lần/tháng,Dưới 1 năm,3,3,3,3,3,3,4,3,3,4,4,4,4,4,3,4,4,3,4,4,4,4,4,3,3,3,4,4,Quang Nhật,,,,,,
4/13/2024 12:49:03,Có,Nữ,Từ 18 đến 25 tuổi,Sinh viên,Dưới 3 triệu đồng,Bận rộn,GoFood (Gojek),Từ 1 đến 2 lần/tháng,Từ 1 đến 2 năm,4,3,3,2,3,4,3,4,4,4,4,2,3,3,3,2,3,3,2,2,2,2,4,3,4,2,2,3,Quang Nhật,,,,,,
4/13/2024 12:53:12,Có,Nữ,Từ 18 đến 25 tuổi,Sinh viên,Dưới 3 triệu đồng,Bình thường,ShopeeFood (Shopee),Từ 3 đến 4 lần/tháng,Từ 1 đến 2 năm,4,4,4,4,4,4,4,4,4,5,4,4,3,4,4,4,4,4,4,4,4,4,4,4,4,4,4,4,Quang Nhật,,,,,,
4/13/2024 12:53:26,Không,,,,,,,,,,,,,,,,,,,,,,,,,,,,,,,,,,,,,Khác,,,,,,
4/13/2024 12:54:42,Có,Nữ,Từ 18 đến 25 tuổi,Sinh viên,Dưới 3 triệu đồng,Bận rộn,beFood (be),Từ 1 đến 2 lần/tháng,Từ 1 đến 2 năm,5,4,5,5,5,5,4,5,5,5,5,5,5,5,5,5,5,5,5,5,5,5,5,5,5,5,5,5,Quang Nhật,,,,,,
4/13/2024 12:58:30,Có,Nữ,Từ 18 đến 25 tuổi,Sinh viên,Dưới 3 triệu đồng,Bình thường,beFood (be),Từ 1 đến 2 lần/tháng,Dưới 1 năm,4,3,3,4,4,5,5,4,4,5,5,5,5,5,5,5,5,5,5,5,5,5,5,5,5,5,5,5,Quang Nhật,,,,,,
4/13/2024 12:59:48,Có,Nữ,Từ 18 đến 25 tuổi,Sinh viên,Dưới 3 triệu đồng,Bận rộn,beFood (be),Từ 3 đến 4 lần/tháng,Từ 1 đến 2 năm,4,4,5,4,4,4,3,5,3,4,3,4,4,3,4,3,5,5,4,3,3,4,4,3,3,4,4,4,Quang Nhật,,,,,,
4/13/2024 13:00:34,Có,Nữ,Từ 18 đến 25 tuổi,Sinh viên,Dưới 3 triệu đồng,Bận rộn,ShopeeFood (Shopee),Ít hơn 1 lần/tháng,Dưới 1 năm,4,4,3,4,4,5,5,4,5,5,4,3,3,3,3,3,3,2,3,2,4,4,5,5,3,1,3,2,Quang Nhật,,,,,,
4/13/2024 13:07:48,Có,Nữ,Từ 18 đến 25 tuổi,Sinh viên,Dưới 3 triệu đồng,Bận rộn,GrabFood (Grab),Từ 3 đến 4 lần/tháng,Từ 1 đến 2 năm,4,5,4,4,5,5,5,5,5,5,5,4,3,4,4,5,4,5,4,4,4,5,5,5,5,5,5,5,Quang Nhật,,,,,,
4/13/2024 13:12:43,Có,Nữ,Từ 18 đến 25 tuổi,Sinh viên,Dưới 3 triệu đồng,Bận rộn,ShopeeFood (Shopee),Từ 1 đến 2 lần/tháng,Từ 1 đến 2 năm,4,4,3,2,5,5,5,3,5,5,5,4,4,4,4,5,4,3,3,3,5,4,5,4,4,3,4,4,Quang Nhật,,,,,,
4/13/2024 13:16:37,Có,Nữ,Từ 18 đến 25 tuổi,Sinh viên,Dưới 3 triệu đồng,Bận rộn,ShopeeFood (Shopee),Ít hơn 1 lần/tháng,Dưới 1 năm,5,5,5,5,5,5,5,5,5,5,5,5,5,5,5,5,5,5,5,5,5,5,5,5,5,5,5,5,Quang Nhật,,,,,,
4/13/2024 13:17:37,Có,Nữ,Từ 18 đến 25 tuổi,Sinh viên,Từ 3 đến 5 triệu đồng,Bận rộn,GrabFood (Grab),Từ 3 đến 4 lần/tháng,Từ 1 đến 2 năm,4,3,3,4,4,3,3,4,4,4,4,4,4,4,3,3,3,3,3,3,4,4,4,4,4,4,3,3,Quang Nhật,,,,,,
4/13/2024 13:20:13,Có,Nữ,Từ 18 đến 25 tuổi,Sinh viên,Dưới 3 triệu đồng,Bình thường,ShopeeFood (Shopee),Từ 1 đến 2 lần/tháng,Dưới 1 năm,4,4,4,4,4,4,4,3,4,4,4,3,3,3,3,3,3,3,3,3,4,4,4,4,3,3,3,3,Quang Nhật,,,,,,
4/13/2024 13:21:23,Có,Nữ,Từ 18 đến 25 tuổi,Sinh viên,Từ 3 đến 5 triệu đồng,Bình thường,GrabFood (Grab),Ít hơn 1 lần/tháng,Từ 1 đến 2 năm,3,3,4,3,4,5,4,4,5,5,5,4,3,4,4,4,3,3,3,3,4,4,4,4,4,4,4,4,Quang Nhật,,,,,,
4/13/2024 13:25:08,Có,Nữ,Từ 18 đến 25 tuổi,Sinh viên,Dưới 3 triệu đồng,Ít bận rộn,ShopeeFood (Shopee),Ít hơn 1 lần/tháng,Dưới 1 năm,4,3,4,3,5,5,5,3,3,5,2,2,4,4,4,3,3,3,3,3,4,3,4,4,5,3,3,3,Quang Nhật,,,,,,
4/13/2024 13:33:07,Có,Nữ,Từ 18 đến 25 tuổi,Sinh viên,Dưới 3 triệu đồng,Bình thường,ShopeeFood (Shopee),Trên 6 lần/tháng,Dưới 1 năm,3,3,3,3,3,3,3,3,3,3,3,3,3,3,3,3,3,3,3,3,3,3,3,3,3,3,3,3,Quang Nhật,,,,,,
4/13/2024 13:50:51,Có,Nữ,Từ 18 đến 25 tuổi,Sinh viên,Từ 3 đến 5 triệu đồng,Bận rộn,Loship,Trên 6 lần/tháng,Từ 1 đến 2 năm,4,5,2,5,4,3,3,4,4,5,5,4,5,5,4,4,3,3,3,3,4,4,5,5,5,2,3,5,Quang Nhật,,,,,,
4/13/2024 14:23:39,Có,Nữ,Từ 18 đến 25 tuổi,Sinh viên,Dưới 3 triệu đồng,Bình thường,ShopeeFood (Shopee),Từ 1 đến 2 lần/tháng,Từ 1 đến 2 năm,4,4,4,4,5,5,5,5,4,4,4,4,5,4,5,4,3,3,3,3,4,4,4,4,4,4,4,4,Quang Nhật,,,,,,
4/13/2024 15:13:18,Có,Nữ,Từ 18 đến 25 tuổi,Sinh viên,Dưới 3 triệu đồng,Ít bận rộn,beFood (be),Từ 3 đến 4 lần/tháng,Từ 1 đến 2 năm,4,4,4,4,4,5,5,3,5,5,5,5,5,4,4,5,4,3,3,3,5,4,4,4,4,4,5,4,Quang Nhật,,,,,,
4/13/2024 15:21:03,Có,Nữ,Từ 18 đến 25 tuổi,Sinh viên,Dưới 3 triệu đồng,Bình thường,ShopeeFood (Shopee),Từ 1 đến 2 lần/tháng,Dưới 1 năm,3,3,3,3,4,4,4,3,4,5,3,2,3,3,3,3,3,3,3,2,3,3,4,4,3,4,3,3,Khác,,,,,,
4/13/2024 15:34:44,Có,Nữ,Từ 18 đến 25 tuổi,Sinh viên,Dưới 3 triệu đồng,Bình thường,ShopeeFood (Shopee),Từ 3 đến 4 lần/tháng,Dưới 1 năm,3,3,3,4,4,4,3,4,5,5,5,5,5,4,5,5,4,3,5,4,4,4,5,3,4,5,4,4,Quang Nhật,,,,,,
4/13/2024 15:35:01,Có,Nam,Từ 26 đến 35 tuổi,Nhân viên bán thời gian,Từ 3 đến 5 triệu đồng,Bận rộn,GrabFood (Grab),Trên 5 đến 6 lần/tháng,Trên 3 năm,4,2,4,5,3,4,4,1,5,5,3,2,4,4,4,3,5,4,4,4,4,5,5,2,5,2,2,5,Quang Nhật,,,,,,
4/13/2024 15:36:57,Có,Nữ,Từ 18 đến 25 tuổi,Sinh viên,Từ 3 đến 5 triệu đồng,Ít bận rộn,GrabFood (Grab),Từ 3 đến 4 lần/tháng,Từ 1 đến 2 năm,4,4,3,5,5,5,5,5,4,4,4,4,5,5,4,4,3,3,3,3,3,4,4,4,4,2,3,3,Quang Nhật,,,,,,
4/13/2024 15:38:43,Có,Nam,Từ 36 đến 45 tuổi,Nhân viên toàn thời gian,Từ 5 đến 10 triệu đồng,Rất bận rộn,GrabFood (Grab),Trên 6 lần/tháng,Từ 2 đến 3 năm,3,2,2,3,3,3,3,1,5,5,4,2,3,4,3,2,2,3,4,3,5,4,5,3,5,3,2,5,Quang Nhật,,,,,,
4/13/2024 15:40:21,Có,Nữ,Từ 18 đến 25 tuổi,Sinh viên,Dưới 3 triệu đồng,Rất ít bận rộn,GoFood (Gojek),Ít hơn 1 lần/tháng,Dưới 1 năm,5,5,4,4,4,4,5,5,5,5,5,5,5,4,4,4,5,5,5,5,5,5,5,5,5,5,5,5,Quang Nhật,,,,,,
4/13/2024 15:42:25,Có,Nam,Từ 26 đến 35 tuổi,Nhân viên toàn thời gian,Từ 3 đến 5 triệu đồng,Bình thường,ShopeeFood (Shopee),Từ 1 đến 2 lần/tháng,Từ 1 đến 2 năm,5,5,5,5,5,5,5,5,5,5,5,5,5,4,4,4,4,4,4,4,4,5,5,4,5,5,4,5,Quang Nhật,,,,,,
4/13/2024 15:46:19,Không,,,,,,,,,,,,,,,,,,,,,,,,,,,,,,,,,,,,,Quang Nhật,,,,,,
4/13/2024 15:48:00,Có,Nữ,Từ 18 đến 25 tuổi,Sinh viên,Dưới 3 triệu đồng,Bình thường,ShopeeFood (Shopee),Từ 1 đến 2 lần/tháng,Dưới 1 năm,4,4,4,4,4,4,4,4,4,4,4,4,4,4,4,4,4,4,4,4,4,4,4,4,4,4,4,4,Quang Nhật,,,,,,
4/13/2024 16:20:25,Có,Nữ,Từ 26 đến 35 tuổi,Nội trợ,Từ 3 đến 5 triệu đồng,Bình thường,GoFood (Gojek),Từ 3 đến 4 lần/tháng,Từ 1 đến 2 năm,5,5,5,4,4,4,4,4,4,5,4,5,4,5,4,5,4,4,5,5,5,5,5,5,4,5,5,5,Quang Nhật,,,,,,
4/13/2024 16:20:51,Có,Nữ,Từ 18 đến 25 tuổi,Sinh viên,Dưới 3 triệu đồng,Ít bận rộn,GrabFood (Grab),Từ 3 đến 4 lần/tháng,Dưới 1 năm,3,3,3,2,4,3,4,4,4,4,4,4,3,3,3,3,2,3,3,3,4,4,4,4,4,2,4,3,Quang Nhật,,,,,,
4/13/2024 17:11:12,Có,Nữ,Từ 18 đến 25 tuổi,Sinh viên,Dưới 3 triệu đồng,Bình thường,ShopeeFood (Shopee),Trên 5 đến 6 lần/tháng,Từ 2 đến 3 năm,4,5,5,4,5,5,5,5,5,5,5,5,4,4,4,5,5,5,4,5,5,5,5,5,5,5,5,5,Quang Nhật,,,,,,
4/13/2024 17:12:01,Có,Nữ,Từ 18 đến 25 tuổi,Sinh viên,Dưới 3 triệu đồng,Bình thường,ShopeeFood (Shopee),Ít hơn 1 lần/tháng,Từ 2 đến 3 năm,4,4,3,4,5,5,5,4,5,5,5,4,4,4,3,4,4,3,4,4,4,5,5,5,4,5,2,3,Quang Nhật,,,,,,
4/13/2024 17:30:25,Có,Nữ,Từ 18 đến 25 tuổi,Sinh viên,Dưới 3 triệu đồng,Bình thường,beFood (be),Từ 1 đến 2 lần/tháng,Từ 1 đến 2 năm,3,3,3,3,3,3,3,3,3,3,3,3,3,3,3,3,3,3,3,3,3,3,3,3,3,3,3,3,Quang Nhật,,,,,,
4/13/2024 17:31:58,Có,Nữ,Từ 36 đến 45 tuổi,Nhân viên toàn thời gian,Trên 10 triệu đồng,Bận rộn,ShopeeFood (Shopee),Trên 6 lần/tháng,Từ 2 đến 3 năm,5,5,4,4,5,5,5,5,5,5,5,5,5,5,4,4,4,4,5,4,5,4,5,5,5,2,4,4,Quang Nhật,,,,,,
4/13/2024 17:40:14,Có,Nữ,Từ 26 đến 35 tuổi,Nhân viên toàn thời gian,Từ 5 đến 10 triệu đồng,Bình thường,GrabFood (Grab),Từ 1 đến 2 lần/tháng,Từ 1 đến 2 năm,4,4,4,4,5,5,5,5,5,5,5,5,4,5,3,3,4,3,4,3,4,4,5,5,4,2,4,4,Quang Nhật,,,,,,
4/13/2024 18:24:45,Có,Nữ,Từ 18 đến 25 tuổi,Sinh viên,Dưới 3 triệu đồng,Bận rộn,ShopeeFood (Shopee),Từ 3 đến 4 lần/tháng,Từ 1 đến 2 năm,4,4,4,4,4,4,4,4,4,4,4,4,4,4,4,4,4,4,4,4,4,4,4,4,4,3,4,3,Quang Nhật,,,,,,
4/13/2024 19:14:35,Có,Nữ,Từ 18 đến 25 tuổi,Sinh viên,Dưới 3 triệu đồng,Bình thường,GrabFood (Grab),Trên 6 lần/tháng,Từ 1 đến 2 năm,4,4,4,4,4,4,4,4,4,4,4,4,4,4,4,4,4,4,4,4,4,4,4,4,4,4,4,4,Quang Nhật,,,,,,
4/13/2024 19:21:14,Có,Nữ,Từ 18 đến 25 tuổi,Sinh viên,Từ 3 đến 5 triệu đồng,Bình thường,ShopeeFood (Shopee),Từ 3 đến 4 lần/tháng,Từ 1 đến 2 năm,4,5,5,5,4,5,5,5,5,5,5,4,5,5,5,5,5,5,5,5,5,4,5,5,5,5,5,5,Hồng Ngọc,,,,,,
4/13/2024 19:23:02,Không,,,,,,,,,,,,,,,,,,,,,,,,,,,,,,,,,,,,,Hồng Ngọc,,,,,,
4/13/2024 19:40:05,Có,Nữ,Từ 18 đến 25 tuổi,Sinh viên,Dưới 3 triệu đồng,Bận rộn,GrabFood (Grab),Ít hơn 1 lần/tháng,Dưới 1 năm,4,4,4,4,4,3,3,4,4,4,4,3,3,3,3,3,3,3,3,3,3,3,3,3,3,1,3,3,Hồng Ngọc,,,,,,
4/13/2024 19:41:42,Có,Nữ,Từ 18 đến 25 tuổi,Khác,Trên 10 triệu đồng,Bình thường,GrabFood (Grab),Ít hơn 1 lần/tháng,Dưới 1 năm,3,3,3,3,3,3,3,3,3,3,3,3,3,3,3,3,3,3,3,3,3,3,3,3,3,3,3,3,Hồng Ngọc,,,,,,
4/13/2024 19:42:22,Có,Nữ,Từ 18 đến 25 tuổi,Sinh viên,Dưới 3 triệu đồng,Bận rộn,ShopeeFood (Shopee),Ít hơn 1 lần/tháng,Dưới 1 năm,4,4,3,4,3,4,4,3,5,5,5,5,3,5,3,3,3,2,2,1,4,5,5,5,4,4,4,3,Hồng Ngọc,,,,,,
4/13/2024 19:43:51,Có,Nam,Từ 18 đến 25 tuổi,Sinh viên,Từ 3 đến 5 triệu đồng,Bận rộn,beFood (be),Ít hơn 1 lần/tháng,Từ 1 đến 2 năm,5,5,4,5,5,3,4,5,5,5,5,4,3,4,3,2,4,2,1,3,4,3,4,4,5,1,2,1,Hồng Ngọc,,,,,,
4/13/2024 19:44:17,Có,Nữ,Từ 18 đến 25 tuổi,Khác,Từ 3 đến 5 triệu đồng,Bận rộn,GrabFood (Grab),Từ 3 đến 4 lần/tháng,Từ 1 đến 2 năm,5,5,5,5,5,5,5,5,5,5,5,5,5,5,5,5,5,5,5,5,5,5,5,5,5,5,5,5,Hồng Ngọc,,,,,,
4/13/2024 19:46:34,Có,Nữ,Từ 18 đến 25 tuổi,Sinh viên,Dưới 3 triệu đồng,Bận rộn,GrabFood (Grab),Từ 3 đến 4 lần/tháng,Từ 1 đến 2 năm,1,2,3,4,1,2,2,2,2,2,2,2,2,2,1,1,1,1,1,1,1,1,1,1,1,1,1,1,Hồng Ngọc,,,,,,
4/13/2024 19:51:35,Có,Nam,Từ 18 đến 25 tuổi,Sinh viên,Dưới 3 triệu đồng,Bình thường,ShopeeFood (Shopee),Ít hơn 1 lần/tháng,Dưới 1 năm,4,4,5,5,4,4,5,4,5,5,5,5,5,5,4,4,5,4,4,4,5,5,4,4,5,4,5,4,Hồng Ngọc,,,,,,
4/13/2024 19:53:34,Không,,,,,,,,,,,,,,,,,,,,,,,,,,,,,,,,,,,,,Hồng Ngọc,,,,,,
4/13/2024 20:22:16,Có,Nữ,Từ 18 đến 25 tuổi,Sinh viên,Dưới 3 triệu đồng,Bình thường,GrabFood (Grab),Ít hơn 1 lần/tháng,Dưới 1 năm,5,5,3,4,3,4,2,4,4,3,3,2,3,4,4,4,3,3,3,3,3,2,4,4,4,4,5,2,Hồng Ngọc,,,,,,
4/13/2024 20:29:27,Có,Nữ,Từ 18 đến 25 tuổi,Nhân viên bán thời gian,Từ 3 đến 5 triệu đồng,Bình thường,GrabFood (Grab),Trên 5 đến 6 lần/tháng,Trên 3 năm,3,3,4,4,4,4,4,3,3,3,4,3,3,3,3,3,3,3,3,3,4,3,4,3,4,4,3,3,Hồng Ngọc,,,,,,
4/13/2024 20:33:46,Có,Nữ,Từ 18 đến 25 tuổi,Nhân viên toàn thời gian,Từ 5 đến 10 triệu đồng,Bận rộn,GoFood (Gojek),Từ 1 đến 2 lần/tháng,Trên 3 năm,4,3,3,4,4,4,4,3,4,4,4,3,4,4,3,3,3,3,4,4,4,2,4,3,4,4,4,4,Thu Hương,,,,,,
4/13/2024 20:37:07,Có,Nam,Từ 18 đến 25 tuổi,Sinh viên,Dưới 3 triệu đồng,Bình thường,GrabFood (Grab),Từ 1 đến 2 lần/tháng,Từ 1 đến 2 năm,5,3,4,4,5,5,5,5,5,5,5,3,4,3,3,3,5,5,3,3,3,3,5,5,3,5,5,2,Hồng Ngọc,,,,,,
4/13/2024 20:38:00,Có,Nữ,Từ 18 đến 25 tuổi,Sinh viên,Dưới 3 triệu đồng,Bình thường,ShopeeFood (Shopee),Ít hơn 1 lần/tháng,Dưới 1 năm,4,4,5,4,4,3,2,4,4,4,5,4,3,3,3,4,4,3,3,3,3,4,4,4,4,3,3,4,Thu Hương,,,,,,
4/13/2024 20:38:39,Có,Nữ,Từ 18 đến 25 tuổi,Sinh viên,Dưới 3 triệu đồng,Bình thường,GrabFood (Grab),Trên 6 lần/tháng,Từ 1 đến 2 năm,5,5,5,5,5,5,5,5,5,5,5,5,4,5,4,4,5,5,5,4,5,5,5,5,5,3,4,4,Thu Hương,,,,,,
4/13/2024 20:38:39,Có,Nữ,Từ 18 đến 25 tuổi,Sinh viên,Từ 3 đến 5 triệu đồng,Bận rộn,ShopeeFood (Shopee),Từ 3 đến 4 lần/tháng,Từ 1 đến 2 năm,4,4,4,4,5,5,4,4,5,5,5,5,4,4,4,4,5,4,4,3,5,4,4,3,4,2,4,3,Thu Hương,,,,,,
4/13/2024 20:39:19,Có,Nam,Từ 18 đến 25 tuổi,Nhân viên bán thời gian,Dưới 3 triệu đồng,Bình thường,ShopeeFood (Shopee),Trên 6 lần/tháng,Trên 3 năm,1,1,1,1,1,1,1,1,1,1,1,1,1,1,1,1,1,1,1,1,1,1,1,1,1,1,1,1,Thu Hương,,,,,,
4/13/2024 20:41:22,Có,Nữ,Từ 18 đến 25 tuổi,Sinh viên,Dưới 3 triệu đồng,Bình thường,GrabFood (Grab),Từ 1 đến 2 lần/tháng,Dưới 1 năm,4,4,3,4,5,5,3,3,5,5,4,3,3,4,4,3,4,3,4,3,4,3,3,4,3,3,4,3,Thu Hương,,,,,,
4/13/2024 20:43:44,Có,Nữ,Từ 18 đến 25 tuổi,Sinh viên,Từ 3 đến 5 triệu đồng,Bận rộn,GrabFood (Grab),Từ 3 đến 4 lần/tháng,Từ 1 đến 2 năm,4,3,2,3,4,5,3,4,4,5,5,5,3,3,2,5,4,4,5,4,5,4,4,4,5,5,2,2,Thu Hương,,,,,,
4/13/2024 20:47:31,Có,Nữ,Từ 18 đến 25 tuổi,Sinh viên,Từ 5 đến 10 triệu đồng,Bận rộn,GrabFood (Grab),Ít hơn 1 lần/tháng,Từ 1 đến 2 năm,5,5,5,5,5,5,5,5,5,5,5,5,5,5,5,5,5,5,5,5,5,5,5,5,5,5,5,5,Thu Hương,,,,,,
4/13/2024 20:48:29,Có,Nữ,Từ 18 đến 25 tuổi,Sinh viên,Dưới 3 triệu đồng,Ít bận rộn,ShopeeFood (Shopee),Trên 5 đến 6 lần/tháng,Từ 1 đến 2 năm,5,5,5,5,5,5,5,5,5,5,5,5,5,5,5,5,5,5,5,5,5,5,5,5,5,5,5,5,Thu Hương,,,,,,
4/13/2024 20:53:48,Có,Nữ,Từ 18 đến 25 tuổi,Sinh viên,Dưới 3 triệu đồng,Bình thường,ShopeeFood (Shopee),Từ 1 đến 2 lần/tháng,Từ 1 đến 2 năm,5,5,5,5,5,5,5,5,5,5,5,5,5,5,5,5,5,5,5,5,5,5,5,5,5,5,5,5,Thu Hương,,,,,,
4/13/2024 20:56:29,Có,Nam,Từ 18 đến 25 tuổi,Sinh viên,Dưới 3 triệu đồng,Ít bận rộn,ShopeeFood (Shopee),Từ 3 đến 4 lần/tháng,Trên 3 năm,5,5,5,5,5,5,5,5,5,5,5,5,5,5,5,5,5,5,5,5,5,5,5,5,5,5,5,5,Hồng Ngọc,,,,,,
4/13/2024 21:01:43,Có,Nam,Từ 18 đến 25 tuổi,Sinh viên,Dưới 3 triệu đồng,Bận rộn,ShopeeFood (Shopee),Ít hơn 1 lần/tháng,Dưới 1 năm,4,4,3,5,5,5,5,5,5,5,5,5,4,4,4,4,5,5,5,5,5,5,5,5,5,5,3,3,Thu Hương,,,,,,
4/13/2024 21:10:49,Có,Nữ,Từ 18 đến 25 tuổi,Sinh viên,Dưới 3 triệu đồng,Bình thường,beFood (be),Trên 5 đến 6 lần/tháng,Từ 1 đến 2 năm,5,5,4,5,5,5,5,5,5,5,5,5,5,5,5,4,4,4,3,4,5,5,5,5,5,5,5,5,Quang Nhật,,,,,,
4/13/2024 21:14:45,Có,Nữ,Từ 18 đến 25 tuổi,Sinh viên,Dưới 3 triệu đồng,Bận rộn,GrabFood (Grab),Trên 6 lần/tháng,Từ 1 đến 2 năm,4,4,4,4,4,5,5,3,4,4,4,4,4,4,4,4,4,3,3,3,4,3,4,3,4,3,3,4,Thu Hương,,,,,,
4/13/2024 21:16:02,Có,Nam,Từ 18 đến 25 tuổi,Nhân viên toàn thời gian,Từ 5 đến 10 triệu đồng,Bận rộn,beFood (be),Từ 3 đến 4 lần/tháng,Trên 3 năm,4,4,4,4,4,4,4,4,4,4,4,4,4,4,4,4,4,4,4,4,4,4,4,4,4,4,4,4,Thu Hương,,,,,,
4/13/2024 21:16:16,Có,Nữ,Từ 18 đến 25 tuổi,Sinh viên,Dưới 3 triệu đồng,Ít bận rộn,beFood (be),Trên 5 đến 6 lần/tháng,Từ 2 đến 3 năm,4,4,4,4,4,5,5,5,4,4,4,4,4,4,4,4,4,4,4,4,4,4,4,4,4,4,4,4,Thu Hương,,,,,,
4/13/2024 21:26:37,Có,Nữ,Từ 18 đến 25 tuổi,Sinh viên,Dưới 3 triệu đồng,Bận rộn,GrabFood (Grab),Từ 1 đến 2 lần/tháng,Từ 1 đến 2 năm,4,4,4,4,5,5,5,5,5,5,5,3,4,4,4,4,4,4,3,4,5,3,5,3,5,2,5,5,Thu Hương,,,,,,
4/13/2024 21:28:29,Có,Nam,Từ 26 đến 35 tuổi,Nhân viên toàn thời gian,Từ 5 đến 10 triệu đồng,Bận rộn,GrabFood (Grab),Từ 3 đến 4 lần/tháng,Từ 2 đến 3 năm,2,2,4,3,4,3,3,2,4,5,4,3,4,3,3,4,4,3,4,4,4,5,5,3,5,3,3,5,Quang Nhật,,,,,,
4/13/2024 21:34:51,Có,Nữ,Từ 18 đến 25 tuổi,Nhân viên toàn thời gian,Trên 10 triệu đồng,Ít bận rộn,GrabFood (Grab),Trên 5 đến 6 lần/tháng,Trên 3 năm,5,5,5,5,5,5,5,5,5,5,5,5,5,5,5,5,5,5,5,5,5,5,5,5,5,5,5,5,Thu Hương,,,,,,
4/13/2024 21:35:06,Không,,,,,,,,,,,,,,,,,,,,,,,,,,,,,,,,,,,,,Thu Hương,,,,,,
4/13/2024 21:35:07,Có,Nữ,Từ 18 đến 25 tuổi,Sinh viên,Từ 3 đến 5 triệu đồng,Bình thường,GrabFood (Grab),Ít hơn 1 lần/tháng,Dưới 1 năm,5,5,5,5,5,4,5,5,5,5,5,5,4,5,4,4,5,4,5,5,5,4,5,5,5,2,3,3,Thu Hương,,,,,,
4/13/2024 21:40:02,Có,Nam,Từ 18 đến 25 tuổi,Khác,Dưới 3 triệu đồng,Bình thường,GrabFood (Grab),Ít hơn 1 lần/tháng,Dưới 1 năm,5,4,5,5,5,5,5,5,5,5,5,5,5,5,5,5,5,5,5,5,5,5,5,5,5,5,5,5,Thu Hương,,,,,,
4/13/2024 21:41:57,Có,Nam,Từ 18 đến 25 tuổi,Sinh viên,Từ 3 đến 5 triệu đồng,Rất bận rộn,beFood (be),Từ 3 đến 4 lần/tháng,Từ 1 đến 2 năm,5,5,5,5,5,5,5,5,5,5,5,5,5,5,5,5,5,5,5,5,5,5,5,5,5,5,5,5,Thu Hương,,,,,,
4/13/2024 21:43:00,Không,,,,,,,,,,,,,,,,,,,,,,,,,,,,,,,,,,,,,Thu Hương,,,,,,
4/13/2024 21:46:44,Không,,,,,,,,,,,,,,,,,,,,,,,,,,,,,,,,,,,,,Thu Hương,,,,,,
4/13/2024 21:49:29,Có,Nữ,Từ 18 đến 25 tuổi,Sinh viên,Dưới 3 triệu đồng,Rất bận rộn,ShopeeFood (Shopee),Từ 1 đến 2 lần/tháng,Từ 2 đến 3 năm,4,4,4,3,5,4,4,5,4,4,3,4,4,3,3,3,3,4,3,3,4,3,3,3,4,3,4,4,Thu Hương,,,,,,
4/13/2024 21:50:15,Có,Nữ,Từ 18 đến 25 tuổi,Sinh viên,Từ 3 đến 5 triệu đồng,Bận rộn,GrabFood (Grab),Trên 5 đến 6 lần/tháng,Từ 2 đến 3 năm,3,4,4,4,4,4,4,4,4,4,4,4,4,4,4,4,4,3,4,4,4,4,4,4,4,4,4,4,Hồng Ngọc,,,,,,
4/13/2024 21:52:03,Không,,,,,,,,,,,,,,,,,,,,,,,,,,,,,,,,,,,,,Thu Hương,,,,,,
4/13/2024 21:53:56,Có,Nữ,Từ 18 đến 25 tuổi,Sinh viên,Dưới 3 triệu đồng,Bình thường,ShopeeFood (Shopee),Ít hơn 1 lần/tháng,Từ 2 đến 3 năm,3,3,3,4,4,4,4,4,4,4,4,4,3,3,3,3,3,3,3,3,3,4,4,4,3,4,2,2,Nhã Tuyên,,,,,,
4/13/2024 21:54:24,Có,Nữ,Từ 18 đến 25 tuổi,Sinh viên,Dưới 3 triệu đồng,Bình thường,ShopeeFood (Shopee),Trên 6 lần/tháng,Từ 2 đến 3 năm,4,4,4,4,4,4,4,4,4,4,4,4,4,4,4,4,4,4,4,4,4,4,4,4,4,4,4,4,Nhã Tuyên,,,,,,
4/13/2024 21:54:33,Có,Nữ,Từ 18 đến 25 tuổi,Sinh viên,Từ 3 đến 5 triệu đồng,Bình thường,ShopeeFood (Shopee),Ít hơn 1 lần/tháng,Dưới 1 năm,3,3,4,4,4,4,4,4,4,4,4,4,3,3,3,3,3,3,3,3,4,4,4,4,4,3,3,3,Thu Hương,,,,,,
4/13/2024 21:56:30,Có,Nữ,Từ 18 đến 25 tuổi,Sinh viên,Dưới 3 triệu đồng,Ít bận rộn,beFood (be),Từ 1 đến 2 lần/tháng,Dưới 1 năm,3,2,3,2,3,2,3,2,3,2,3,2,3,3,3,3,3,3,3,3,3,3,2,1,1,1,1,1,Thu Hương,,,,,,
4/13/2024 21:56:44,Có,Nữ,Từ 18 đến 25 tuổi,Sinh viên,Dưới 3 triệu đồng,Bận rộn,GrabFood (Grab),Từ 3 đến 4 lần/tháng,Trên 3 năm,5,5,5,5,5,5,4,5,4,5,4,5,4,5,4,5,4,5,5,4,4,5,4,5,5,4,4,5,Khác,,,,,,
4/13/2024 21:57:18,Có,Nữ,Từ 18 đến 25 tuổi,Sinh viên,Dưới 3 triệu đồng,Ít bận rộn,ShopeeFood (Shopee),Từ 1 đến 2 lần/tháng,Từ 1 đến 2 năm,5,5,4,5,5,5,5,5,5,5,4,4,4,4,4,4,4,4,4,5,4,4,5,5,4,4,4,4,Nhã Tuyên,,,,,,
4/13/2024 21:59:41,Có,Nữ,Từ 18 đến 25 tuổi,Sinh viên,Dưới 3 triệu đồng,Bình thường,beFood (be),Từ 3 đến 4 lần/tháng,Từ 1 đến 2 năm,4,5,4,4,5,5,5,5,5,5,5,5,5,5,4,4,5,4,5,4,4,5,4,4,4,5,4,4,Thu Hương,,,,,,
4/13/2024 22:02:02,Không,,,,,,,,,,,,,,,,,,,,,,,,,,,,,,,,,,,,,Thu Hương,,,,,,
4/13/2024 22:04:43,Có,Nữ,Từ 18 đến 25 tuổi,Sinh viên,Dưới 3 triệu đồng,Bình thường,ShopeeFood (Shopee),Từ 1 đến 2 lần/tháng,Dưới 1 năm,5,3,5,4,5,5,5,5,4,4,4,4,5,5,5,5,5,5,5,5,4,4,4,4,5,5,5,5,Nhã Tuyên,,,,,,
4/13/2024 22:04:54,Không,,,,,,,,,,,,,,,,,,,,,,,,,,,,,,,,,,,,,Thu Hương,,,,,,
4/13/2024 22:11:07,Có,Nam,Từ 18 đến 25 tuổi,Sinh viên,Từ 3 đến 5 triệu đồng,Bình thường,beFood (be),Ít hơn 1 lần/tháng,Dưới 1 năm,3,3,3,3,4,4,3,3,4,4,4,4,4,4,2,3,3,3,3,3,3,3,3,3,3,3,3,3,Thu Hương,,,,,,
4/13/2024 22:12:33,Có,Nữ,Từ 18 đến 25 tuổi,Sinh viên,Từ 3 đến 5 triệu đồng,Ít bận rộn,ShopeeFood (Shopee),Ít hơn 1 lần/tháng,Trên 3 năm,4,4,4,4,4,4,4,4,4,4,4,4,3,3,3,3,3,3,3,3,4,4,4,4,4,3,2,2,Nhã Tuyên,,,,,,
4/13/2024 22:17:06,Có,Nữ,Từ 18 đến 25 tuổi,Sinh viên,Dưới 3 triệu đồng,Bình thường,GrabFood (Grab),Trên 6 lần/tháng,Từ 2 đến 3 năm,5,5,5,5,5,5,5,5,5,5,5,5,5,5,5,5,5,5,5,5,5,3,5,5,5,5,5,5,Nhã Tuyên,,,,,,
4/13/2024 22:28:31,Có,Nam,Từ 18 đến 25 tuổi,Sinh viên,Từ 3 đến 5 triệu đồng,Bình thường,ShopeeFood (Shopee),Từ 1 đến 2 lần/tháng,Dưới 1 năm,5,4,4,3,5,4,4,3,5,5,5,4,4,4,4,3,3,3,3,3,3,5,5,4,4,3,3,4,Nhã Tuyên,,,,,,
4/13/2024 22:29:05,Có,Nữ,Từ 18 đến 25 tuổi,Sinh viên,Dưới 3 triệu đồng,Bận rộn,ShopeeFood (Shopee),Từ 1 đến 2 lần/tháng,Từ 1 đến 2 năm,4,4,3,4,4,4,4,4,4,5,5,4,4,5,4,4,4,4,4,3,5,5,5,3,5,3,4,4,Nhã Tuyên,,,,,,
4/13/2024 22:31:00,Có,Nữ,Từ 18 đến 25 tuổi,Sinh viên,Dưới 3 triệu đồng,Bận rộn,GrabFood (Grab),Trên 6 lần/tháng,Từ 2 đến 3 năm,4,4,4,4,4,4,4,4,4,4,4,4,4,4,4,4,4,4,4,4,4,4,4,4,4,4,4,4,Hồng Ngọc,,,,,,
4/13/2024 22:34:56,Không,,,,,,,,,,,,,,,,,,,,,,,,,,,,,,,,,,,,,Nhã Tuyên,,,,,,
4/13/2024 22:37:03,Có,Nam,Từ 18 đến 25 tuổi,Sinh viên,Dưới 3 triệu đồng,Rất bận rộn,ShopeeFood (Shopee),Ít hơn 1 lần/tháng,Từ 1 đến 2 năm,4,4,3,4,4,4,4,4,4,4,4,3,3,3,3,3,3,3,3,3,4,3,4,3,3,3,4,4,Thu Hương,,,,,,
4/13/2024 22:38:59,Có,Nữ,Từ 18 đến 25 tuổi,Sinh viên,Dưới 3 triệu đồng,Bận rộn,ShopeeFood (Shopee),Ít hơn 1 lần/tháng,Từ 1 đến 2 năm,3,3,3,3,3,3,3,3,3,3,3,3,3,3,3,3,3,3,3,3,3,3,3,3,3,3,3,3,Thu Hương,,,,,,
4/13/2024 22:40:08,Có,Nữ,Từ 18 đến 25 tuổi,Sinh viên,Dưới 3 triệu đồng,Bận rộn,GoFood (Gojek),Từ 1 đến 2 lần/tháng,Từ 1 đến 2 năm,3,3,3,4,3,4,4,3,4,5,5,3,4,4,3,3,5,3,3,4,4,3,5,4,5,2,2,3,Nhã Tuyên,,,,,,
4/13/2024 22:43:37,Có,Nữ,Từ 18 đến 25 tuổi,Sinh viên,Dưới 3 triệu đồng,Bình thường,beFood (be),Trên 5 đến 6 lần/tháng,Từ 1 đến 2 năm,3,3,3,3,3,3,3,3,3,3,3,3,3,3,3,3,2,2,2,2,2,2,3,3,3,2,2,2,Thu Hương,,,,,,
4/13/2024 22:43:55,Không,,,,,,,,,,,,,,,,,,,,,,,,,,,,,,,,,,,,,Nhã Tuyên,,,,,,
4/13/2024 22:47:41,Có,Nữ,Từ 18 đến 25 tuổi,Sinh viên,Từ 3 đến 5 triệu đồng,Bình thường,ShopeeFood (Shopee),Trên 6 lần/tháng,Từ 1 đến 2 năm,4,4,3,4,5,5,5,4,5,5,5,4,5,4,3,3,4,4,4,3,4,4,4,4,5,3,3,4,Thu Hương,,,,,,
4/13/2024 22:51:50,Không,,,,,,,,,,,,,,,,,,,,,,,,,,,,,,,,,,,,,Quang Nhật,,,,,,
4/13/2024 22:53:51,Có,Nữ,Từ 18 đến 25 tuổi,Sinh viên,Dưới 3 triệu đồng,Bận rộn,ShopeeFood (Shopee),Từ 3 đến 4 lần/tháng,Từ 2 đến 3 năm,4,4,4,4,4,4,4,4,4,4,4,4,4,4,4,4,5,5,5,5,4,4,4,4,4,4,4,4,Thu Hương,,,,,,
4/13/2024 22:56:27,Có,Nữ,Từ 26 đến 35 tuổi,Nhân viên toàn thời gian,Trên 10 triệu đồng,Bận rộn,ShopeeFood (Shopee),Trên 6 lần/tháng,Trên 3 năm,4,4,4,4,4,4,4,4,4,4,4,4,4,4,3,3,3,3,3,3,4,3,3,3,4,4,4,4,Thu Hương,,,,,,
4/13/2024 23:01:48,Có,Nữ,Từ 26 đến 35 tuổi,Nhân viên toàn thời gian,Từ 5 đến 10 triệu đồng,Bận rộn,GrabFood (Grab),Trên 6 lần/tháng,Từ 2 đến 3 năm,4,4,3,4,5,5,5,5,5,5,4,4,5,4,3,4,4,4,5,5,5,4,5,4,5,5,4,4,Thu Hương,,,,,,
4/13/2024 23:04:24,Có,Nữ,Từ 18 đến 25 tuổi,Sinh viên,Dưới 3 triệu đồng,Bận rộn,ShopeeFood (Shopee),Từ 1 đến 2 lần/tháng,Từ 2 đến 3 năm,4,4,4,5,5,5,5,5,5,5,4,4,3,4,3,5,3,3,4,3,4,3,5,5,4,2,3,2,Quang Nhật,,,,,,
4/13/2024 23:04:44,Có,Nam,Từ 18 đến 25 tuổi,Sinh viên,Dưới 3 triệu đồng,Bình thường,ShopeeFood (Shopee),Ít hơn 1 lần/tháng,Dưới 1 năm,4,4,4,4,4,4,4,4,4,4,4,4,4,4,4,4,4,4,4,4,4,4,4,4,4,4,4,4,Nhã Tuyên,,,,,,
4/13/2024 23:21:57,Không,,,,,,,,,,,,,,,,,,,,,,,,,,,,,,,,,,,,,Nhã Tuyên,,,,,,
4/13/2024 23:24:11,Có,Nữ,Từ 18 đến 25 tuổi,Sinh viên,Dưới 3 triệu đồng,Bận rộn,beFood (be),Ít hơn 1 lần/tháng,Dưới 1 năm,4,5,4,3,4,3,4,5,4,3,4,3,4,4,3,4,4,3,4,4,4,3,4,4,3,5,4,5,Nhã Tuyên,,,,,,
4/13/2024 23:25:33,Có,Nữ,Từ 18 đến 25 tuổi,Sinh viên,Dưới 3 triệu đồng,Ít bận rộn,ShopeeFood (Shopee),Từ 3 đến 4 lần/tháng,Dưới 1 năm,4,4,3,4,5,4,4,4,4,4,4,4,5,4,4,4,3,3,3,3,3,3,3,3,4,4,4,4,Quang Nhật,,,,,,
4/13/2024 23:26:04,Có,Nữ,Từ 18 đến 25 tuổi,Sinh viên,Từ 3 đến 5 triệu đồng,Bận rộn,beFood (be),Từ 1 đến 2 lần/tháng,Từ 1 đến 2 năm,3,3,4,3,4,3,4,3,4,4,3,4,4,4,3,4,3,4,3,4,4,3,4,3,4,4,4,3,Nhã Tuyên,,,,,,
4/13/2024 23:49:29,Không,,,,,,,,,,,,,,,,,,,,,,,,,,,,,,,,,,,,,Nhã Tuyên,,,,,,
4/14/2024 0:06:12,Có,Nữ,Từ 18 đến 25 tuổi,Sinh viên,Từ 3 đến 5 triệu đồng,Bình thường,ShopeeFood (Shopee),Trên 6 lần/tháng,Từ 2 đến 3 năm,2,3,3,4,4,4,4,4,4,4,4,4,4,4,4,4,3,3,3,4,4,4,4,4,4,4,4,4,Thu Hương,,,,,,
4/14/2024 0:39:28,Có,Nam,Từ 18 đến 25 tuổi,Sinh viên,Dưới 3 triệu đồng,Bình thường,GoFood (Gojek),Trên 5 đến 6 lần/tháng,Trên 3 năm,3,3,3,3,3,3,3,3,3,3,3,3,3,3,3,3,3,3,3,3,3,3,3,3,3,3,3,3,Khác,,,,,,
4/14/2024 0:57:24,Có,Nữ,Từ 18 đến 25 tuổi,Sinh viên,Dưới 3 triệu đồng,Bận rộn,GoFood (Gojek),Ít hơn 1 lần/tháng,Dưới 1 năm,3,3,3,3,3,3,3,3,3,3,3,3,3,3,3,3,3,3,3,3,3,3,3,3,3,3,3,3,Nhã Tuyên,,,,,,
4/14/2024 1:16:47,Có,Nữ,Từ 18 đến 25 tuổi,Sinh viên,Dưới 3 triệu đồng,Bận rộn,GrabFood (Grab),Trên 5 đến 6 lần/tháng,Từ 2 đến 3 năm,3,3,4,3,4,4,4,3,5,5,4,3,3,3,3,3,3,3,3,3,2,1,3,3,4,1,3,3,Hồng Ngọc,,,,,,
4/14/2024 1:40:41,Không,,,,,,,,,,,,,,,,,,,,,,,,,,,,,,,,,,,,,Nhã Tuyên,,,,,,
4/14/2024 1:43:23,Có,Nữ,Từ 18 đến 25 tuổi,Sinh viên,Từ 3 đến 5 triệu đồng,Bình thường,ShopeeFood (Shopee),Ít hơn 1 lần/tháng,Dưới 1 năm,3,3,3,3,4,4,4,3,3,3,3,3,3,3,3,3,3,3,3,3,3,3,3,3,3,3,3,3,Nhã Tuyên,,,,,,
4/14/2024 5:42:00,Có,Nam,Từ 18 đến 25 tuổi,Khác,Trên 10 triệu đồng,Bận rộn,ShopeeFood (Shopee),Ít hơn 1 lần/tháng,Dưới 1 năm,4,4,4,4,4,4,4,4,4,4,4,4,4,4,4,4,4,4,4,4,4,4,4,4,4,4,4,4,Nhã Tuyên,,,,,,
4/14/2024 6:19:43,Có,Nam,Từ 18 đến 25 tuổi,Sinh viên,Dưới 3 triệu đồng,Bình thường,Khác,Từ 1 đến 2 lần/tháng,Dưới 1 năm,4,4,4,4,4,4,4,4,4,4,4,4,4,4,4,4,4,4,4,4,4,4,4,4,4,4,4,4,Nhã Tuyên,,,,,,
4/14/2024 7:17:45,Có,Nam,Từ 18 đến 25 tuổi,Nhân viên toàn thời gian,Trên 10 triệu đồng,Bình thường,GrabFood (Grab),Từ 3 đến 4 lần/tháng,Từ 1 đến 2 năm,5,5,5,5,3,5,4,5,5,5,5,5,5,5,4,3,4,4,1,2,5,5,5,5,5,5,4,2,Nhã Tuyên,,,,,,
4/14/2024 7:34:09,Có,Nữ,Từ 18 đến 25 tuổi,Sinh viên,Từ 3 đến 5 triệu đồng,Bình thường,ShopeeFood (Shopee),Từ 1 đến 2 lần/tháng,Từ 2 đến 3 năm,4,4,4,4,4,4,4,4,4,4,4,4,3,4,3,3,4,3,4,4,4,4,4,4,4,4,3,3,Quang Nhật,,,,,,
4/14/2024 8:57:10,Có,Nữ,Từ 18 đến 25 tuổi,Sinh viên,Dưới 3 triệu đồng,Bình thường,beFood (be),Từ 3 đến 4 lần/tháng,Từ 1 đến 2 năm,3,3,4,5,4,4,3,4,5,5,5,5,4,4,4,4,4,4,4,4,4,3,4,4,4,3,4,3,Quang Nhật,,,,,,
4/14/2024 10:25:28,Có,Nữ,Từ 18 đến 25 tuổi,Sinh viên,Dưới 3 triệu đồng,Bình thường,GoFood (Gojek),Ít hơn 1 lần/tháng,Dưới 1 năm,4,4,3,4,4,4,4,3,4,4,4,3,2,3,2,2,3,3,3,2,3,3,3,4,3,2,2,2,Nhã Tuyên,,,,,,
4/14/2024 10:57:44,Có,Nam,Từ 18 đến 25 tuổi,Nhân viên toàn thời gian,Từ 3 đến 5 triệu đồng,Ít bận rộn,ShopeeFood (Shopee),Ít hơn 1 lần/tháng,Dưới 1 năm,5,5,5,5,5,5,5,5,5,5,5,5,5,5,5,5,5,5,5,5,5,5,5,5,5,5,5,5,Nhã Tuyên,,,,,,
4/14/2024 11:42:45,Không,,,,,,,,,,,,,,,,,,,,,,,,,,,,,,,,,,,,,Hải Đông,,,,,,
4/14/2024 11:46:39,Không,,,,,,,,,,,,,,,,,,,,,,,,,,,,,,,,,,,,,Hải Đông,,,,,,
4/14/2024 11:47:31,Có,Nam,Từ 18 đến 25 tuổi,Sinh viên,Dưới 3 triệu đồng,Rất bận rộn,GrabFood (Grab),Ít hơn 1 lần/tháng,Dưới 1 năm,5,5,5,5,5,5,5,5,5,5,5,5,5,5,5,5,4,4,4,4,4,4,4,4,5,5,5,5,Hải Đông,,,,,,
4/14/2024 11:50:15,Có,Nam,Từ 18 đến 25 tuổi,Thất nghiệp,Dưới 3 triệu đồng,Rất bận rộn,Khác,Trên 6 lần/tháng,Từ 2 đến 3 năm,5,5,5,5,5,5,5,5,5,5,5,5,5,5,5,5,5,5,5,5,5,5,5,5,5,5,5,5,Hải Đông,,,,,,
4/14/2024 11:55:05,Không,,,,,,,,,,,,,,,,,,,,,,,,,,,,,,,,,,,,,Hải Đông,,,,,,
4/14/2024 12:00:53,Có,Nam,Từ 18 đến 25 tuổi,Sinh viên,Dưới 3 triệu đồng,Bận rộn,GrabFood (Grab),Từ 1 đến 2 lần/tháng,Từ 2 đến 3 năm,5,5,4,4,5,5,5,5,5,5,5,5,5,5,5,5,5,5,5,5,5,5,5,5,5,2,2,5,Hải Đông,,,,,,
4/14/2024 12:10:15,Có,Nam,Từ 18 đến 25 tuổi,Sinh viên,Trên 10 triệu đồng,Bình thường,GoFood (Gojek),Từ 1 đến 2 lần/tháng,Dưới 1 năm,5,5,5,5,5,5,5,5,5,5,5,5,5,5,5,5,5,5,5,5,4,5,4,5,5,4,5,4,Hải Đông,,,,,,
4/14/2024 12:10:15,Có,Nam,Từ 18 đến 25 tuổi,Sinh viên,Dưới 3 triệu đồng,Ít bận rộn,GrabFood (Grab),Ít hơn 1 lần/tháng,Từ 1 đến 2 năm,4,4,4,3,5,4,4,4,4,4,5,5,3,4,3,3,3,3,3,3,4,4,3,4,4,2,3,2,Hải Đông,,,,,,
4/14/2024 12:11:14,Có,Nữ,Từ 18 đến 25 tuổi,Sinh viên,Dưới 3 triệu đồng,Bình thường,ShopeeFood (Shopee),Trên 5 đến 6 lần/tháng,Từ 1 đến 2 năm,3,3,4,4,4,4,4,3,4,4,4,4,4,4,4,4,4,4,4,4,4,4,4,4,4,4,4,4,Hải Đông,,,,,,
4/14/2024 12:12:17,Có,Nữ,Từ 18 đến 25 tuổi,Sinh viên,Dưới 3 triệu đồng,Bình thường,ShopeeFood (Shopee),Trên 6 lần/tháng,Từ 1 đến 2 năm,3,3,3,3,4,4,4,4,4,4,4,4,4,4,4,4,4,4,4,4,4,4,4,4,4,4,4,4,Hải Đông,,,,,,
4/14/2024 12:15:37,Có,Nam,Từ 18 đến 25 tuổi,Sinh viên,Từ 3 đến 5 triệu đồng,Ít bận rộn,ShopeeFood (Shopee),Từ 3 đến 4 lần/tháng,Dưới 1 năm,5,4,5,5,4,4,5,5,5,5,5,4,4,5,5,5,5,4,5,4,5,4,5,4,5,5,5,5,Hải Đông,,,,,,
4/14/2024 12:17:57,Có,Nam,Từ 18 đến 25 tuổi,Sinh viên,Dưới 3 triệu đồng,Bình thường,GoFood (Gojek),Từ 1 đến 2 lần/tháng,Dưới 1 năm,4,5,4,5,3,4,5,5,4,4,5,3,4,3,4,3,3,3,4,5,4,5,5,4,4,5,5,5,Hải Đông,,,,,,
4/14/2024 12:29:22,Không,,,,,,,,,,,,,,,,,,,,,,,,,,,,,,,,,,,,,Hải Đông,,,,,,
4/14/2024 12:29:58,Không,,,,,,,,,,,,,,,,,,,,,,,,,,,,,,,,,,,,,Hải Đông,,,,,,
4/14/2024 12:31:24,Có,Nam,Từ 26 đến 35 tuổi,Nhân viên toàn thời gian,Từ 3 đến 5 triệu đồng,Ít bận rộn,GoFood (Gojek),Từ 1 đến 2 lần/tháng,Dưới 1 năm,1,1,1,1,1,1,1,1,1,1,1,1,1,1,1,1,1,1,1,1,1,1,1,1,1,1,1,1,Hải Đông,,,,,,
4/14/2024 12:36:28,Có,Nam,Từ 18 đến 25 tuổi,Nhân viên toàn thời gian,Từ 5 đến 10 triệu đồng,Bận rộn,GrabFood (Grab),Từ 3 đến 4 lần/tháng,Từ 1 đến 2 năm,4,4,4,5,5,5,2,4,5,5,5,5,5,5,3,3,3,3,4,3,4,2,5,4,4,1,4,3,Quang Nhật,,,,,,
4/14/2024 12:36:33,Có,Nữ,Từ 18 đến 25 tuổi,Sinh viên,Dưới 3 triệu đồng,Bận rộn,GrabFood (Grab),Từ 3 đến 4 lần/tháng,Từ 1 đến 2 năm,3,3,3,4,3,3,3,4,4,4,4,3,3,3,3,4,3,3,3,3,3,3,5,5,4,4,3,1,Hải Đông,,,,,,
4/14/2024 13:55:55,Có,Nữ,Từ 18 đến 25 tuổi,Sinh viên,Dưới 3 triệu đồng,Bận rộn,GrabFood (Grab),Từ 3 đến 4 lần/tháng,Từ 1 đến 2 năm,4,4,4,4,4,4,4,4,4,4,4,4,4,4,4,4,4,4,4,4,4,4,4,4,4,4,4,4,Thu Hương,,,,,,
4/14/2024 14:20:01,Có,Nam,Từ 18 đến 25 tuổi,Sinh viên,Dưới 3 triệu đồng,Bận rộn,GrabFood (Grab),Ít hơn 1 lần/tháng,Dưới 1 năm,4,4,4,4,4,4,4,4,4,4,4,4,4,4,4,4,4,4,4,4,4,4,4,4,4,4,4,4,Nhã Tuyên,,,,,,
4/14/2024 14:22:35,Có,Nam,Từ 18 đến 25 tuổi,Nhân viên toàn thời gian,Từ 5 đến 10 triệu đồng,Bình thường,GrabFood (Grab),Ít hơn 1 lần/tháng,Trên 3 năm,5,5,5,5,5,5,5,5,5,5,5,5,5,5,5,5,5,5,5,5,5,5,5,5,5,5,5,5,Nhã Tuyên,,,,,,
4/14/2024 14:41:42,Không,,,,,,,,,,,,,,,,,,,,,,,,,,,,,,,,,,,,,Nhã Tuyên,,,,,,
4/14/2024 15:25:13,Có,Nam,Từ 18 đến 25 tuổi,Sinh viên,Dưới 3 triệu đồng,Bình thường,GoFood (Gojek),Từ 1 đến 2 lần/tháng,Từ 1 đến 2 năm,4,3,3,3,4,4,4,4,4,4,4,4,4,4,4,4,3,3,3,2,4,3,3,3,4,4,4,4,Quang Nhật,,,,,,
4/14/2024 16:11:02,Có,Nữ,Từ 18 đến 25 tuổi,Khác,Từ 5 đến 10 triệu đồng,Bận rộn,Khác,Ít hơn 1 lần/tháng,Dưới 1 năm,3,3,3,3,3,3,3,3,3,3,3,3,3,3,3,3,4,4,3,3,3,3,4,4,4,3,4,3,Nhã Tuyên,,,,,,
4/14/2024 16:15:54,Có,Nam,Từ 18 đến 25 tuổi,Khác,Từ 5 đến 10 triệu đồng,Bình thường,GrabFood (Grab),Ít hơn 1 lần/tháng,Từ 1 đến 2 năm,2,2,2,2,2,2,2,2,2,2,2,2,2,2,2,2,2,2,2,2,1,1,1,1,1,1,1,1,Nhã Tuyên,,,,,,
4/14/2024 16:20:33,Có,Nữ,Từ 18 đến 25 tuổi,Sinh viên,Dưới 3 triệu đồng,Bình thường,beFood (be),Từ 3 đến 4 lần/tháng,Từ 1 đến 2 năm,4,3,4,5,4,4,4,4,4,5,5,3,3,4,3,3,3,3,4,3,3,3,4,3,4,3,3,3,Hồng Ngọc,,,,,,
4/14/2024 16:23:10,Không,,,,,,,,,,,,,,,,,,,,,,,,,,,,,,,,,,,,,Nhã Tuyên,,,,,,
4/14/2024 18:02:21,Có,Nữ,Từ 18 đến 25 tuổi,Sinh viên,Dưới 3 triệu đồng,Bận rộn,ShopeeFood (Shopee),Từ 1 đến 2 lần/tháng,Từ 1 đến 2 năm,5,5,5,5,5,5,5,5,5,5,5,5,5,5,5,5,5,5,5,5,5,5,5,5,5,5,5,5,Nhã Tuyên,,,,,,
4/14/2024 18:04:03,Có,Nam,Từ 26 đến 35 tuổi,Nhân viên toàn thời gian,Trên 10 triệu đồng,Bận rộn,GoFood (Gojek),Trên 5 đến 6 lần/tháng,Trên 3 năm,3,2,3,4,4,4,4,2,5,5,4,4,4,3,3,4,4,4,3,4,5,5,5,3,5,3,2,5,Quang Nhật,,,,,,
4/14/2024 18:38:50,Có,Nữ,Từ 18 đến 25 tuổi,Sinh viên,Từ 3 đến 5 triệu đồng,Bình thường,GrabFood (Grab),Trên 5 đến 6 lần/tháng,Từ 1 đến 2 năm,3,4,4,4,4,4,3,4,4,4,4,4,4,3,3,4,3,3,3,4,4,4,4,4,3,3,4,4,Thu Hương,,,,,,
4/14/2024 20:24:38,Không,,,,,,,,,,,,,,,,,,,,,,,,,,,,,,,,,,,,,Khác,,,,,,
4/14/2024 20:32:06,Có,Nam,Từ 18 đến 25 tuổi,Sinh viên,Dưới 3 triệu đồng,Bình thường,GrabFood (Grab),Ít hơn 1 lần/tháng,Dưới 1 năm,5,5,5,5,5,5,5,5,5,5,5,5,5,5,5,5,5,5,5,5,5,5,5,5,5,5,5,5,Hải Đông,,,,,,
4/14/2024 20:33:11,Có,Nam,Từ 26 đến 35 tuổi,Sinh viên,Từ 3 đến 5 triệu đồng,Rất ít bận rộn,beFood (be),Trên 5 đến 6 lần/tháng,Trên 3 năm,5,5,5,5,5,5,5,5,5,5,5,5,5,5,5,5,5,5,5,5,5,5,5,5,5,5,5,5,Hải Đông,,,,,,
4/14/2024 20:35:37,Có,Nam,Từ 18 đến 25 tuổi,Thất nghiệp,Trên 10 triệu đồng,Ít bận rộn,ShopeeFood (Shopee),Trên 6 lần/tháng,Trên 3 năm,3,3,3,3,3,3,3,3,3,3,3,3,3,3,3,3,3,3,3,3,3,3,3,3,3,3,3,3,Hải Đông,,,,,,
4/14/2024 20:39:59,Có,Nam,Từ 18 đến 25 tuổi,Sinh viên,Dưới 3 triệu đồng,Bình thường,GrabFood (Grab),Ít hơn 1 lần/tháng,Dưới 1 năm,5,5,5,5,4,4,4,4,4,5,5,5,5,5,5,5,5,5,5,5,5,5,5,5,5,5,5,4,Hồng Ngọc,,,,,,
4/14/2024 20:40:37,Không,,,,,,,,,,,,,,,,,,,,,,,,,,,,,,,,,,,,,Hải Đông,,,,,,
4/14/2024 20:41:11,Có,Nữ,Từ 18 đến 25 tuổi,Sinh viên,Dưới 3 triệu đồng,Bận rộn,ShopeeFood (Shopee),Ít hơn 1 lần/tháng,Từ 1 đến 2 năm,3,3,3,4,3,4,3,3,4,4,3,3,3,3,2,2,2,2,2,2,3,3,3,3,3,3,2,2,Hải Đông,,,,,,
4/14/2024 20:43:23,Không,,,,,,,,,,,,,,,,,,,,,,,,,,,,,,,,,,,,,Khác,,,,,,
4/14/2024 20:48:45,Không,,,,,,,,,,,,,,,,,,,,,,,,,,,,,,,,,,,,,Hải Đông,,,,,,
4/14/2024 20:50:44,Có,Nam,Từ 18 đến 25 tuổi,Sinh viên,Dưới 3 triệu đồng,Rất ít bận rộn,GrabFood (Grab),Từ 1 đến 2 lần/tháng,Dưới 1 năm,5,2,4,3,2,5,1,5,2,3,1,4,5,2,3,4,5,4,3,2,2,4,1,4,2,3,5,1,Hải Đông,,,,,,
4/14/2024 20:53:02,Có,Nam,Từ 26 đến 35 tuổi,Nhân viên bán thời gian,Từ 3 đến 5 triệu đồng,Bình thường,ShopeeFood (Shopee),Ít hơn 1 lần/tháng,Từ 2 đến 3 năm,2,1,3,2,5,4,2,3,4,2,4,1,3,2,2,1,3,3,3,3,2,1,4,4,2,4,2,3,Hải Đông,,,,,,
4/14/2024 20:56:58,Không,,,,,,,,,,,,,,,,,,,,,,,,,,,,,,,,,,,,,Hải Đông,,,,,,
4/14/2024 20:58:21,Có,Nữ,Từ 26 đến 35 tuổi,Sinh viên,Dưới 3 triệu đồng,Bình thường,beFood (be),Trên 5 đến 6 lần/tháng,Trên 3 năm,5,5,5,5,5,5,5,5,5,5,5,5,5,5,5,5,5,5,5,5,5,5,5,5,5,5,5,5,Hải Đông,,,,,,
4/14/2024 21:00:03,Có,Nam,Từ 36 đến 45 tuổi,Nhân viên toàn thời gian,Trên 10 triệu đồng,Bận rộn,GrabFood (Grab),Từ 3 đến 4 lần/tháng,Từ 1 đến 2 năm,3,3,3,3,3,3,3,3,3,3,3,3,3,3,3,3,3,3,3,3,3,3,3,3,3,3,3,3,Hải Đông,,,,,,
4/14/2024 21:08:48,Có,Nữ,Trên 55 tuổi,Nội trợ,Trên 10 triệu đồng,Bận rộn,GrabFood (Grab),Ít hơn 1 lần/tháng,Dưới 1 năm,2,2,2,2,2,2,2,2,2,2,2,2,2,2,2,2,2,2,2,2,2,2,2,2,2,2,2,2,Hải Đông,,,,,,
4/14/2024 21:14:48,Có,Nam,Trên 55 tuổi,Về hưu,Từ 3 đến 5 triệu đồng,Rất ít bận rộn,Loship,Ít hơn 1 lần/tháng,Dưới 1 năm,1,1,1,1,1,1,1,1,1,1,1,1,1,1,1,1,1,1,1,1,1,1,1,1,1,1,1,1,Hải Đông,,,,,,
4/14/2024 21:20:50,Có,Nam,Từ 26 đến 35 tuổi,Nhân viên bán thời gian,Từ 3 đến 5 triệu đồng,Bình thường,beFood (be),Từ 1 đến 2 lần/tháng,Từ 2 đến 3 năm,3,4,5,4,3,2,1,2,3,4,5,3,2,1,2,3,4,5,4,3,2,1,2,3,4,5,3,2,Hải Đông,,,,,,
4/14/2024 21:21:55,Không,,,,,,,,,,,,,,,,,,,,,,,,,,,,,,,,,,,,,Hải Đông,,,,,,
4/14/2024 21:22:25,Có,Nữ,Trên 55 tuổi,Về hưu,Trên 10 triệu đồng,Rất ít bận rộn,ShopeeFood (Shopee),Từ 1 đến 2 lần/tháng,Trên 3 năm,5,5,5,5,5,5,5,5,5,5,5,5,5,5,5,5,5,5,5,5,5,5,5,5,5,5,5,5,Hải Đông,,,,,,
4/14/2024 21:23:04,Không,,,,,,,,,,,,,,,,,,,,,,,,,,,,,,,,,,,,,Hải Đông,,,,,,
4/14/2024 21:24:08,Có,Nữ,Từ 36 đến 45 tuổi,Nhân viên toàn thời gian,Từ 3 đến 5 triệu đồng,Ít bận rộn,GrabFood (Grab),Trên 6 lần/tháng,Từ 2 đến 3 năm,4,5,3,5,5,4,4,5,4,5,4,5,4,5,4,5,5,5,5,5,5,5,5,5,4,4,4,4,Hải Đông,,,,,,
4/14/2024 21:25:06,Có,Nam,Từ 46 đến 55 tuổi,Nhân viên toàn thời gian,Dưới 3 triệu đồng,Ít bận rộn,Khác,Ít hơn 1 lần/tháng,Từ 2 đến 3 năm,5,4,4,4,5,5,5,4,5,4,3,3,3,5,5,5,5,4,5,5,4,5,5,4,5,4,4,5,Hải Đông,,,,,,
4/14/2024 21:26:16,Có,Nữ,Từ 46 đến 55 tuổi,Khác,Từ 5 đến 10 triệu đồng,Rất bận rộn,GrabFood (Grab),Trên 5 đến 6 lần/tháng,Trên 3 năm,3,5,5,5,4,5,5,5,5,5,5,5,4,2,5,5,5,5,5,5,5,4,4,4,2,5,5,5,Hải Đông,,,,,,
4/14/2024 21:27:25,Có,Nữ,Trên 55 tuổi,Khác,Trên 10 triệu đồng,Rất bận rộn,Khác,Ít hơn 1 lần/tháng,Dưới 1 năm,2,3,4,5,1,1,4,5,4,5,5,4,4,3,3,5,4,4,4,4,4,4,3,5,5,5,5,4,Hải Đông,,,,,,
4/14/2024 21:29:19,Có,Nam,Từ 18 đến 25 tuổi,Sinh viên,Dưới 3 triệu đồng,Bình thường,beFood (be),Ít hơn 1 lần/tháng,Dưới 1 năm,5,5,5,5,4,5,5,5,5,4,5,5,4,5,5,5,4,5,5,5,4,5,5,5,4,5,5,5,Hải Đông,,,,,,
4/14/2024 21:30:51,Có,Nam,Từ 18 đến 25 tuổi,Sinh viên,Dưới 3 triệu đồng,Bận rộn,ShopeeFood (Shopee),Ít hơn 1 lần/tháng,Từ 1 đến 2 năm,4,5,4,5,4,5,4,5,5,5,4,4,4,5,4,5,5,5,4,5,4,5,5,4,5,5,5,4,Hải Đông,,,,,,
4/14/2024 21:36:32,Có,Nam,Từ 18 đến 25 tuổi,Nhân viên bán thời gian,Dưới 3 triệu đồng,Bình thường,ShopeeFood (Shopee),Ít hơn 1 lần/tháng,Từ 2 đến 3 năm,4,3,2,1,2,3,4,3,2,1,2,3,4,5,3,4,2,1,2,2,2,2,4,4,3,3,2,2,Hải Đông,,,,,,
4/14/2024 21:43:57,Có,Nam,Từ 18 đến 25 tuổi,Sinh viên,Dưới 3 triệu đồng,Ít bận rộn,Khác,Ít hơn 1 lần/tháng,Dưới 1 năm,4,4,4,5,5,5,5,4,4,5,5,5,5,4,5,5,4,5,5,5,4,4,4,5,5,5,5,5,Hải Đông,,,,,,
4/14/2024 21:46:06,Có,Nam,Từ 18 đến 25 tuổi,Sinh viên,Dưới 3 triệu đồng,Rất ít bận rộn,GrabFood (Grab),Ít hơn 1 lần/tháng,Dưới 1 năm,5,5,5,5,5,5,5,4,5,5,5,4,5,5,5,4,4,5,5,5,5,5,5,4,4,4,5,5,Hải Đông,,,,,,
4/14/2024 21:46:38,Có,Nam,Từ 18 đến 25 tuổi,Sinh viên,Từ 3 đến 5 triệu đồng,Bận rộn,ShopeeFood (Shopee),Từ 3 đến 4 lần/tháng,Từ 1 đến 2 năm,4,4,3,3,4,4,4,4,4,4,4,4,4,4,4,3,3,4,3,3,3,4,3,4,4,4,4,4,Thu Hương,,,,,,
4/14/2024 21:46:51,Không,,,,,,,,,,,,,,,,,,,,,,,,,,,,,,,,,,,,,Hải Đông,,,,,,
4/14/2024 21:47:23,Có,Nam,Từ 18 đến 25 tuổi,Sinh viên,Dưới 3 triệu đồng,Rất ít bận rộn,beFood (be),Ít hơn 1 lần/tháng,Dưới 1 năm,5,5,4,5,4,5,5,5,4,5,5,5,5,5,4,5,4,4,5,5,4,4,5,5,4,4,4,5,Hải Đông,,,,,,
4/14/2024 21:48:23,Có,Nam,Từ 26 đến 35 tuổi,Nhân viên toàn thời gian,Từ 5 đến 10 triệu đồng,Bình thường,GoFood (Gojek),Từ 3 đến 4 lần/tháng,Từ 2 đến 3 năm,4,3,4,4,5,4,4,3,5,5,4,4,5,5,4,5,4,5,5,4,4,5,5,3,5,3,2,5,Quang Nhật,,,,,,
4/14/2024 21:49:40,Có,Nam,Từ 18 đến 25 tuổi,Sinh viên,Từ 5 đến 10 triệu đồng,Rất bận rộn,beFood (be),Trên 5 đến 6 lần/tháng,Từ 2 đến 3 năm,3,4,5,4,3,4,5,4,3,4,5,4,3,4,5,4,3,4,5,4,3,4,5,4,3,4,5,4,Hải Đông,,,,,,
4/14/2024 21:54:24,Có,Nữ,Từ 18 đến 25 tuổi,Nhân viên bán thời gian,Từ 5 đến 10 triệu đồng,Bình thường,GoFood (Gojek),Từ 3 đến 4 lần/tháng,Từ 1 đến 2 năm,2,3,4,3,3,3,4,4,2,2,2,2,3,4,4,3,2,3,4,3,2,3,4,3,2,3,4,3,Hải Đông,,,,,,
4/14/2024 21:57:45,Có,Nam,Từ 26 đến 35 tuổi,Nhân viên toàn thời gian,Trên 10 triệu đồng,Bận rộn,GrabFood (Grab),Từ 3 đến 4 lần/tháng,Từ 2 đến 3 năm,5,4,5,5,5,5,5,4,4,4,4,4,5,5,5,5,4,4,4,5,4,5,5,5,5,5,5,4,Hải Đông,,,,,,
4/14/2024 21:58:20,Có,Nữ,Từ 26 đến 35 tuổi,Nội trợ,Dưới 3 triệu đồng,Ít bận rộn,ShopeeFood (Shopee),Trên 6 lần/tháng,Trên 3 năm,5,5,4,5,4,5,4,4,5,4,4,4,4,5,5,5,5,4,5,4,4,5,4,5,4,4,4,4,Hải Đông,,,,,,
4/14/2024 21:59:25,Có,Nữ,Từ 18 đến 25 tuổi,Sinh viên,Dưới 3 triệu đồng,Bình thường,GrabFood (Grab),Ít hơn 1 lần/tháng,Từ 1 đến 2 năm,3,3,2,3,3,4,4,4,4,4,4,4,2,3,3,3,2,2,2,2,3,2,4,4,3,3,3,1,Hải Đông,,,,,,
4/14/2024 22:00:20,Có,Nam,Từ 46 đến 55 tuổi,Thất nghiệp,Dưới 3 triệu đồng,Rất ít bận rộn,GrabFood (Grab),Ít hơn 1 lần/tháng,Dưới 1 năm,1,2,1,2,2,1,2,1,1,1,1,1,2,2,2,2,1,1,2,2,2,2,1,1,1,2,2,1,Hải Đông,,,,,,
4/14/2024 22:01:58,Có,Nam,Từ 18 đến 25 tuổi,Sinh viên,Dưới 3 triệu đồng,Bình thường,beFood (be),Từ 3 đến 4 lần/tháng,Từ 2 đến 3 năm,5,5,5,5,4,5,5,4,5,5,5,5,5,5,5,5,5,5,5,5,5,4,5,5,5,5,5,5,Hải Đông,,,,,,
4/14/2024 22:03:31,Có,Nam,Từ 26 đến 35 tuổi,Nhân viên toàn thời gian,Từ 5 đến 10 triệu đồng,Rất bận rộn,GoFood (Gojek),Từ 3 đến 4 lần/tháng,Từ 1 đến 2 năm,5,5,4,5,5,4,5,4,5,4,5,5,5,5,5,5,5,4,5,5,5,5,4,5,5,5,5,5,Hải Đông,,,,,,
4/14/2024 22:12:33,Có,Nữ,Từ 18 đến 25 tuổi,Sinh viên,Từ 3 đến 5 triệu đồng,Bình thường,beFood (be),Từ 1 đến 2 lần/tháng,Từ 1 đến 2 năm,4,4,4,4,5,5,5,5,4,5,5,3,3,3,2,2,2,2,2,2,4,4,4,4,4,1,3,2,Thu Hương,,,,,,
4/14/2024 22:46:42,Có,Nam,Từ 18 đến 25 tuổi,Sinh viên,Dưới 3 triệu đồng,Bình thường,beFood (be),Từ 1 đến 2 lần/tháng,Từ 1 đến 2 năm,4,4,3,3,5,4,4,4,5,5,5,5,4,4,5,5,5,4,3,4,3,3,3,4,4,5,4,4,Nhã Tuyên,,,,,,
4/14/2024 22:47:19,Có,Nam,Từ 18 đến 25 tuổi,Sinh viên,Dưới 3 triệu đồng,Ít bận rộn,beFood (be),Ít hơn 1 lần/tháng,Dưới 1 năm,2,2,2,4,4,4,4,4,5,5,5,5,3,3,2,2,3,2,3,2,3,4,4,4,3,2,3,2,Nhã Tuyên,,,,,,
4/14/2024 22:55:39,Có,Nam,Từ 18 đến 25 tuổi,Sinh viên,Dưới 3 triệu đồng,Bận rộn,beFood (be),Từ 1 đến 2 lần/tháng,Từ 1 đến 2 năm,3,3,3,3,3,3,3,3,3,3,3,3,3,3,3,3,3,3,3,3,4,4,4,4,4,4,4,4,Hải Đông,,,,,,
4/14/2024 23:03:29,Có,Nam,Từ 18 đến 25 tuổi,Sinh viên,Trên 10 triệu đồng,Rất bận rộn,beFood (be),Từ 3 đến 4 lần/tháng,Trên 3 năm,5,5,4,3,5,5,5,5,5,5,5,5,5,5,5,5,5,5,5,5,5,5,5,5,5,5,3,2,Hải Đông,,,,,,
4/14/2024 23:32:55,Không,,,,,,,,,,,,,,,,,,,,,,,,,,,,,,,,,,,,,Hải Đông,,,,,,
4/15/2024 16:05:06,Có,Nam,Từ 18 đến 25 tuổi,Sinh viên,Dưới 3 triệu đồng,Bình thường,ShopeeFood (Shopee),Ít hơn 1 lần/tháng,Dưới 1 năm,3,3,3,3,3,3,3,3,2,2,2,2,3,3,3,3,3,3,3,3,3,3,3,3,3,3,3,3,Hải Đông,,,,,,
4/15/2024 17:20:34,Có,Nữ,Từ 18 đến 25 tuổi,Sinh viên,Dưới 3 triệu đồng,Bận rộn,beFood (be),Trên 6 lần/tháng,Từ 1 đến 2 năm,3,2,2,4,4,4,2,4,4,4,4,3,3,3,2,2,2,2,1,2,4,3,4,4,4,1,3,3,Hồng Ngọc,,,,,,
4/15/2024 20:29:57,Có,Nữ,Từ 18 đến 25 tuổi,Nhân viên bán thời gian,Từ 3 đến 5 triệu đồng,Bình thường,Khác,Trên 6 lần/tháng,Từ 2 đến 3 năm,5,5,5,5,5,5,4,5,5,5,5,5,5,5,5,5,5,5,5,5,5,5,5,5,5,5,5,5,Nhã Tuyên,,,,,,
4/15/2024 20:35:52,Có,Nữ,Từ 36 đến 45 tuổi,Khác,Trên 10 triệu đồng,Bận rộn,GrabFood (Grab),Trên 6 lần/tháng,Dưới 1 năm,5,5,5,5,5,5,5,5,5,4,4,4,4,4,4,4,4,4,4,4,4,4,4,4,4,4,4,4,Thiện Nhẫn,,,,,,
4/15/2024 20:40:26,Có,Nam,Từ 18 đến 25 tuổi,Sinh viên,Từ 5 đến 10 triệu đồng,Bận rộn,GoFood (Gojek),Từ 1 đến 2 lần/tháng,Từ 1 đến 2 năm,4,5,4,5,4,5,5,4,5,5,5,4,4,5,4,4,4,3,3,3,4,4,5,5,5,3,3,5,Thiện Nhẫn,,,,,,
4/15/2024 20:42:46,Có,Nam,Từ 46 đến 55 tuổi,Khác,Trên 10 triệu đồng,Bình thường,ShopeeFood (Shopee),Ít hơn 1 lần/tháng,Dưới 1 năm,5,5,5,5,5,5,5,5,5,5,5,5,5,5,5,5,5,5,5,4,4,5,4,4,5,5,5,5,Thiện Nhẫn,,,,,,
4/15/2024 20:48:27,Không,,,,,,,,,,,,,,,,,,,,,,,,,,,,,,,,,,,,,Nhã Tuyên,,,,,,
4/15/2024 20:51:53,Không,,,,,,,,,,,,,,,,,,,,,,,,,,,,,,,,,,,,,Nhã Tuyên,,,,,,
4/15/2024 20:55:29,Có,Nữ,Từ 18 đến 25 tuổi,Sinh viên,Dưới 3 triệu đồng,Bình thường,beFood (be),Trên 5 đến 6 lần/tháng,Từ 1 đến 2 năm,5,5,4,4,5,5,5,5,5,5,5,4,5,4,4,4,3,3,4,3,5,4,5,5,5,4,4,3,Thiện Nhẫn,,,,,,
4/15/2024 21:00:51,Có,Nữ,Từ 18 đến 25 tuổi,Sinh viên,Dưới 3 triệu đồng,Bình thường,ShopeeFood (Shopee),Ít hơn 1 lần/tháng,Dưới 1 năm,3,3,3,3,3,3,3,3,3,3,3,3,3,3,3,3,3,3,3,3,3,3,3,3,3,3,3,3,Thiện Nhẫn,,,,,,
4/15/2024 21:14:02,Có,Nam,Từ 18 đến 25 tuổi,Sinh viên,Dưới 3 triệu đồng,Bình thường,ShopeeFood (Shopee),Từ 1 đến 2 lần/tháng,Trên 3 năm,4,4,3,4,4,4,3,3,4,4,4,4,4,3,3,3,4,3,3,4,4,4,4,4,4,3,4,3,Thiện Nhẫn,,,,,,
4/15/2024 21:17:00,Có,Nam,Từ 18 đến 25 tuổi,Sinh viên,Từ 3 đến 5 triệu đồng,Bình thường,ShopeeFood (Shopee),Từ 1 đến 2 lần/tháng,Dưới 1 năm,3,3,3,3,3,3,3,3,3,3,3,3,3,3,3,3,3,3,3,3,3,3,3,3,3,3,3,3,Thiện Nhẫn,,,,,,
4/15/2024 21:21:36,Có,Nam,Từ 18 đến 25 tuổi,Khác,Trên 10 triệu đồng,Bình thường,GoFood (Gojek),Trên 6 lần/tháng,Trên 3 năm,5,5,5,5,5,5,5,5,5,5,5,5,5,5,5,5,5,5,5,5,5,5,5,5,5,5,5,5,Thiện Nhẫn,,,,,,
4/15/2024 21:21:55,Có,Nam,Từ 18 đến 25 tuổi,Sinh viên,Dưới 3 triệu đồng,Ít bận rộn,ShopeeFood (Shopee),Từ 1 đến 2 lần/tháng,Dưới 1 năm,5,5,5,5,5,5,5,5,5,5,5,5,5,5,5,5,5,5,5,5,4,4,5,5,5,5,5,5,Khác,,,,,,
4/15/2024 21:24:18,Không,,,,,,,,,,,,,,,,,,,,,,,,,,,,,,,,,,,,,Thiện Nhẫn,,,,,,
4/15/2024 21:25:23,Có,Nữ,Từ 18 đến 25 tuổi,Sinh viên,Dưới 3 triệu đồng,Bận rộn,GrabFood (Grab),Từ 1 đến 2 lần/tháng,Trên 3 năm,4,4,3,4,5,5,3,4,5,5,5,4,4,5,3,3,4,3,3,3,4,4,4,5,5,4,4,3,Thiện Nhẫn,,,,,,
4/15/2024 21:33:56,Có,Nữ,Từ 18 đến 25 tuổi,Sinh viên,Trên 10 triệu đồng,Ít bận rộn,ShopeeFood (Shopee),Từ 3 đến 4 lần/tháng,Từ 1 đến 2 năm,4,4,4,4,4,4,4,4,4,4,4,4,4,4,4,4,4,4,4,4,4,4,4,4,4,4,4,4,Thiện Nhẫn,,,,,,
4/15/2024 21:43:25,Có,Nam,Từ 18 đến 25 tuổi,Sinh viên,Dưới 3 triệu đồng,Bình thường,ShopeeFood (Shopee),Từ 1 đến 2 lần/tháng,Từ 1 đến 2 năm,5,5,5,5,5,5,5,5,4,4,5,4,4,4,5,4,4,5,4,4,4,4,4,4,4,4,4,5,Hồng Ngọc,,,,,,
4/15/2024 21:47:13,Có,Nữ,Từ 18 đến 25 tuổi,Sinh viên,Từ 3 đến 5 triệu đồng,Bận rộn,GrabFood (Grab),Trên 5 đến 6 lần/tháng,Từ 1 đến 2 năm,5,5,5,5,4,4,4,4,4,4,4,5,5,5,5,5,5,5,5,5,5,5,5,5,5,5,5,5,Hồng Ngọc,,,,,,
4/15/2024 21:50:28,Có,Nữ,Từ 18 đến 25 tuổi,Thất nghiệp,Từ 3 đến 5 triệu đồng,Ít bận rộn,GoFood (Gojek),Từ 1 đến 2 lần/tháng,Từ 1 đến 2 năm,4,4,4,4,4,4,4,4,4,4,4,4,4,4,4,4,4,4,4,4,4,4,4,4,4,4,4,4,Hồng Ngọc,,,,,,
4/15/2024 21:53:18,Có,Nam,Từ 18 đến 25 tuổi,Sinh viên,Từ 3 đến 5 triệu đồng,Bình thường,GrabFood (Grab),Từ 3 đến 4 lần/tháng,Từ 1 đến 2 năm,4,3,3,2,4,4,1,4,4,4,4,3,3,3,3,3,4,4,3,3,3,3,3,3,4,2,1,1,Hồng Ngọc,,,,,,
4/15/2024 23:11:12,Có,Nữ,Từ 18 đến 25 tuổi,Sinh viên,Dưới 3 triệu đồng,Rất bận rộn,GrabFood (Grab),Từ 3 đến 4 lần/tháng,Trên 3 năm,3,2,3,5,4,3,4,4,5,5,4,5,4,4,4,4,4,4,3,3,4,4,5,5,5,1,2,3,Thiện Nhẫn,,,,,,
4/15/2024 23:21:33,Có,Nam,Từ 18 đến 25 tuổi,Sinh viên,Dưới 3 triệu đồng,Bận rộn,ShopeeFood (Shopee),Từ 3 đến 4 lần/tháng,Từ 1 đến 2 năm,3,2,2,3,5,5,4,5,5,5,5,5,5,3,4,4,4,4,4,5,4,5,5,5,5,5,5,5,Thiện Nhẫn,,,,,,
4/15/2024 23:26:54,Có,Nữ,Từ 18 đến 25 tuổi,Sinh viên,Dưới 3 triệu đồng,Bận rộn,ShopeeFood (Shopee),Ít hơn 1 lần/tháng,Trên 3 năm,5,5,5,5,5,5,5,5,5,5,5,5,5,5,5,5,5,5,5,5,5,5,5,5,5,5,5,5,Thiện Nhẫn,,,,,,
4/16/2024 0:14:14,Có,Nam,Từ 18 đến 25 tuổi,Sinh viên,Dưới 3 triệu đồng,Bình thường,GoFood (Gojek),Ít hơn 1 lần/tháng,Từ 1 đến 2 năm,5,5,5,5,5,5,5,5,5,5,5,5,5,5,5,5,5,5,5,5,5,5,5,5,5,5,5,5,Quang Nhật,,,,,,
4/16/2024 9:03:59,Có,Nữ,Từ 36 đến 45 tuổi,Khác,Từ 5 đến 10 triệu đồng,Bình thường,Khác,Ít hơn 1 lần/tháng,Dưới 1 năm,4,4,4,4,4,4,4,4,4,4,4,4,4,4,4,4,4,4,4,4,4,4,4,4,4,4,4,4,Thiện Nhẫn,,,,,,
4/16/2024 9:16:20,Có,Nữ,Từ 18 đến 25 tuổi,Sinh viên,Dưới 3 triệu đồng,Rất ít bận rộn,beFood (be),Ít hơn 1 lần/tháng,Dưới 1 năm,4,3,4,4,4,3,4,4,4,3,4,4,4,4,4,4,3,4,4,4,4,4,4,4,4,4,4,3,Hồng Ngọc,,,,,,
4/16/2024 9:16:58,Có,Nam,Từ 18 đến 25 tuổi,Sinh viên,Từ 5 đến 10 triệu đồng,Bận rộn,GrabFood (Grab),Từ 3 đến 4 lần/tháng,Từ 1 đến 2 năm,4,4,4,4,4,4,4,4,4,4,4,4,4,4,4,4,4,4,4,4,4,4,4,4,4,4,4,4,Hồng Ngọc,,,,,,
4/16/2024 9:18:00,Có,Nam,Từ 18 đến 25 tuổi,Sinh viên,Từ 3 đến 5 triệu đồng,Bình thường,GrabFood (Grab),Từ 3 đến 4 lần/tháng,Từ 1 đến 2 năm,4,4,4,4,4,4,4,4,4,4,4,4,4,3,4,3,4,4,4,4,4,4,4,4,5,5,5,5,Hồng Ngọc,,,,,,
4/16/2024 9:20:43,Có,Nữ,Từ 18 đến 25 tuổi,Sinh viên,Từ 3 đến 5 triệu đồng,Rất ít bận rộn,GrabFood (Grab),Từ 3 đến 4 lần/tháng,Từ 1 đến 2 năm,5,4,5,5,5,4,5,5,5,4,5,5,5,4,4,5,5,5,4,4,5,5,4,4,5,5,4,4,Hồng Ngọc,,,,,,
4/16/2024 9:28:24,Có,Nữ,Từ 18 đến 25 tuổi,Sinh viên,Từ 5 đến 10 triệu đồng,Bình thường,ShopeeFood (Shopee),Trên 5 đến 6 lần/tháng,Từ 1 đến 2 năm,4,3,3,4,4,4,4,4,4,4,4,4,4,4,4,4,4,4,4,4,4,4,4,4,4,4,4,4,Hồng Ngọc,,,,,,
4/16/2024 9:28:57,Có,Nữ,Từ 18 đến 25 tuổi,Sinh viên,Từ 3 đến 5 triệu đồng,Bận rộn,beFood (be),Ít hơn 1 lần/tháng,Dưới 1 năm,4,3,4,4,4,4,4,4,4,4,4,4,3,4,4,4,4,4,5,4,4,4,3,3,3,4,3,4,Hồng Ngọc,,,,,,
4/16/2024 11:36:05,Có,Nam,Từ 18 đến 25 tuổi,Nhân viên toàn thời gian,Trên 10 triệu đồng,Bận rộn,GrabFood (Grab),Trên 6 lần/tháng,Từ 2 đến 3 năm,5,4,4,4,4,4,4,5,5,5,5,5,4,4,4,4,4,4,4,4,4,4,4,4,4,4,4,4,Hồng Ngọc,,,,,,
4/16/2024 11:45:09,Có,Nam,Từ 18 đến 25 tuổi,Sinh viên,Dưới 3 triệu đồng,Rất bận rộn,GrabFood (Grab),Trên 6 lần/tháng,Trên 3 năm,5,5,5,5,5,5,5,5,5,5,5,5,5,5,5,5,5,5,5,5,5,5,5,5,5,5,5,5,Thiện Nhẫn,,,,,,
4/16/2024 11:50:15,Có,Nữ,Từ 46 đến 55 tuổi,Khác,Trên 10 triệu đồng,Bận rộn,ShopeeFood (Shopee),Từ 3 đến 4 lần/tháng,Dưới 1 năm,4,4,4,4,4,4,4,4,4,4,4,4,4,4,4,4,4,4,4,4,4,4,4,4,4,4,4,4,Thiện Nhẫn,,,,,,
4/16/2024 11:54:50,Có,Nữ,Từ 26 đến 35 tuổi,Khác,Từ 5 đến 10 triệu đồng,Bận rộn,GrabFood (Grab),Từ 3 đến 4 lần/tháng,Dưới 1 năm,3,3,3,3,1,1,1,1,3,3,3,3,3,3,3,3,3,3,3,3,1,1,1,1,1,3,1,1,Thiện Nhẫn,,,,,,
4/16/2024 11:57:51,Có,Nữ,Từ 46 đến 55 tuổi,Khác,Trên 10 triệu đồng,Bình thường,ShopeeFood (Shopee),Từ 1 đến 2 lần/tháng,Từ 1 đến 2 năm,4,4,4,4,4,4,4,4,4,4,4,4,4,4,4,4,4,4,4,4,4,4,3,4,4,4,4,4,Thiện Nhẫn,,,,,,
4/16/2024 12:02:57,Có,Nữ,Từ 46 đến 55 tuổi,Khác,Trên 10 triệu đồng,Bình thường,Khác,Từ 3 đến 4 lần/tháng,Trên 3 năm,5,5,5,5,5,5,5,5,5,5,5,5,5,5,5,5,5,5,5,5,5,5,5,5,5,5,5,5,Thiện Nhẫn,,,,,,
4/16/2024 12:14:37,Có,Nữ,Từ 18 đến 25 tuổi,Sinh viên,Dưới 3 triệu đồng,Bình thường,Khác,Ít hơn 1 lần/tháng,Từ 1 đến 2 năm,3,2,2,2,3,3,3,3,3,3,3,2,3,2,2,3,2,2,3,2,3,2,3,3,3,3,3,2,Thiện Nhẫn,,,,,,
4/16/2024 12:27:41,Có,Nữ,Từ 18 đến 25 tuổi,Sinh viên,Từ 3 đến 5 triệu đồng,Ít bận rộn,beFood (be),Trên 5 đến 6 lần/tháng,Dưới 1 năm,3,3,3,3,3,4,3,4,4,4,4,4,3,3,3,3,3,3,3,3,3,4,4,4,4,2,4,3,Thiện Nhẫn,,,,,,
4/16/2024 13:27:04,Có,Nữ,Từ 36 đến 45 tuổi,Nội trợ,Từ 5 đến 10 triệu đồng,Rất bận rộn,ShopeeFood (Shopee),Ít hơn 1 lần/tháng,Từ 1 đến 2 năm,4,4,4,4,4,4,4,4,4,4,4,4,4,4,4,4,4,4,4,4,4,4,4,4,4,4,4,4,Thiện Nhẫn,,,,,,
4/16/2024 13:28:04,Có,Nữ,Từ 46 đến 55 tuổi,Khác,Trên 10 triệu đồng,Bình thường,GrabFood (Grab),Trên 5 đến 6 lần/tháng,Dưới 1 năm,2,3,3,3,3,3,3,3,3,3,3,3,3,3,3,3,3,3,3,3,3,3,3,3,3,3,3,3,Thiện Nhẫn,,,,,,
4/16/2024 13:44:25,Có,Nữ,Từ 36 đến 45 tuổi,Nội trợ,Từ 5 đến 10 triệu đồng,Rất bận rộn,GrabFood (Grab),Trên 6 lần/tháng,Trên 3 năm,4,4,4,4,5,4,4,4,4,4,4,4,4,4,4,4,3,3,3,3,4,4,4,3,5,5,5,5,Thiện Nhẫn,,,,,,
4/16/2024 15:27:56,Có,Nam,Từ 18 đến 25 tuổi,Sinh viên,Dưới 3 triệu đồng,Rất ít bận rộn,ShopeeFood (Shopee),Ít hơn 1 lần/tháng,Dưới 1 năm,4,4,4,5,5,5,4,5,5,5,5,5,4,4,3,3,3,3,3,3,3,4,5,5,5,5,3,3,Thiện Nhẫn,,,,,,
4/16/2024 19:03:17,Có,Nữ,Từ 26 đến 35 tuổi,Nhân viên toàn thời gian,Từ 5 đến 10 triệu đồng,Bình thường,GrabFood (Grab),Trên 6 lần/tháng,Trên 3 năm,4,3,4,3,5,5,5,5,4,4,4,4,4,4,3,4,4,4,3,3,5,5,5,5,4,4,4,4,Quang Nhật,,,,,,
4/16/2024 19:56:48,Có,Nam,Từ 18 đến 25 tuổi,Sinh viên,Dưới 3 triệu đồng,Bận rộn,GrabFood (Grab),Ít hơn 1 lần/tháng,Dưới 1 năm,5,5,5,5,5,5,5,5,5,5,5,5,5,5,5,5,5,5,5,5,5,5,5,5,5,5,5,5,Thiện Nhẫn,,,,,,
4/17/2024 15:31:02,Có,Nam,Từ 18 đến 25 tuổi,Sinh viên,Dưới 3 triệu đồng,Bận rộn,GrabFood (Grab),Từ 1 đến 2 lần/tháng,Từ 1 đến 2 năm,5,5,4,5,4,4,4,3,5,5,5,5,5,5,3,3,4,4,4,3,4,4,5,5,5,3,3,5,Thiện Nhẫn,,,,,,
4/17/2024 16:08:52,Có,Nữ,Từ 18 đến 25 tuổi,Sinh viên,Từ 5 đến 10 triệu đồng,Bình thường,beFood (be),Trên 5 đến 6 lần/tháng,Trên 3 năm,5,5,5,5,5,5,4,4,5,5,5,4,5,5,5,5,5,5,5,5,5,5,5,5,5,5,5,5,Khác,,,,,,
4/17/2024 16:29:51,Có,Nữ,Từ 18 đến 25 tuổi,Sinh viên,Dưới 3 triệu đồng,Bận rộn,beFood (be),Từ 1 đến 2 lần/tháng,Từ 1 đến 2 năm,4,5,4,4,5,5,5,5,4,5,5,4,4,5,4,4,4,4,5,4,5,4,5,5,5,2,3,5,Nhã Tuyên,,,,,,
4/17/2024 16:31:58,Có,Nữ,Từ 18 đến 25 tuổi,Sinh viên,Từ 3 đến 5 triệu đồng,Bận rộn,ShopeeFood (Shopee),Trên 6 lần/tháng,Từ 2 đến 3 năm,4,4,3,4,5,5,4,4,5,5,4,3,4,4,4,5,4,4,5,3,3,3,4,4,5,1,3,3,Nhã Tuyên,,,,,,
4/17/2024 16:49:00,Có,Nam,Từ 18 đến 25 tuổi,Sinh viên,Dưới 3 triệu đồng,Rất ít bận rộn,ShopeeFood (Shopee),Từ 1 đến 2 lần/tháng,Từ 1 đến 2 năm,5,5,5,5,5,5,5,5,5,5,5,5,5,5,5,5,5,5,5,5,5,5,5,5,5,5,5,5,Thiện Nhẫn,,,,,,
4/17/2024 16:52:30,Có,Nam,Từ 26 đến 35 tuổi,Khác,Từ 5 đến 10 triệu đồng,Bình thường,ShopeeFood (Shopee),Từ 1 đến 2 lần/tháng,Dưới 1 năm,2,3,2,3,3,3,2,3,2,2,4,3,4,3,3,3,3,3,3,2,2,3,2,2,2,3,2,3,Thiện Nhẫn,,,,,,
4/17/2024 17:00:50,Có,Nữ,Từ 18 đến 25 tuổi,Nhân viên toàn thời gian,Từ 3 đến 5 triệu đồng,Bình thường,GrabFood (Grab),Từ 1 đến 2 lần/tháng,Dưới 1 năm,4,4,4,5,5,5,5,5,4,4,5,4,4,4,4,4,4,4,4,4,4,4,4,4,4,4,4,4,Thiện Nhẫn,,,,,,
4/17/2024 17:01:39,Có,Nam,Từ 18 đến 25 tuổi,Sinh viên,Dưới 3 triệu đồng,Bình thường,ShopeeFood (Shopee),Từ 1 đến 2 lần/tháng,Dưới 1 năm,4,4,4,4,4,4,4,4,4,4,4,4,4,4,4,4,4,4,4,4,4,4,4,4,4,4,4,4,Thiện Nhẫn,,,,,,
4/17/2024 17:01:51,Có,Nam,Từ 18 đến 25 tuổi,Sinh viên,Dưới 3 triệu đồng,Rất ít bận rộn,ShopeeFood (Shopee),Từ 1 đến 2 lần/tháng,Dưới 1 năm,3,3,3,2,4,3,4,4,5,4,2,2,2,3,2,1,3,3,4,2,4,5,4,4,4,3,2,2,Thiện Nhẫn,,,,,,
4/17/2024 17:05:27,Có,Nữ,Từ 18 đến 25 tuổi,Sinh viên,Từ 3 đến 5 triệu đồng,Bận rộn,ShopeeFood (Shopee),Trên 6 lần/tháng,Dưới 1 năm,3,3,3,3,3,3,3,3,3,3,3,3,3,3,3,3,3,3,3,3,3,3,3,3,3,3,3,3,Thiện Nhẫn,,,,,,
4/17/2024 17:07:13,Có,Nam,Từ 18 đến 25 tuổi,Sinh viên,Dưới 3 triệu đồng,Ít bận rộn,ShopeeFood (Shopee),Ít hơn 1 lần/tháng,Dưới 1 năm,3,3,3,3,3,3,3,3,3,3,3,3,3,3,3,3,3,3,3,3,3,3,3,3,3,3,3,3,Thiện Nhẫn,,,,,,
4/17/2024 17:08:29,Có,Nam,Từ 18 đến 25 tuổi,Sinh viên,Từ 5 đến 10 triệu đồng,Bận rộn,GrabFood (Grab),Từ 3 đến 4 lần/tháng,Từ 1 đến 2 năm,4,4,4,4,4,4,4,4,4,4,4,4,4,4,4,4,4,4,4,4,4,4,4,4,4,4,4,4,Thiện Nhẫn,,,,,,
4/17/2024 17:08:45,Có,Nam,Từ 18 đến 25 tuổi,Sinh viên,Dưới 3 triệu đồng,Bận rộn,ShopeeFood (Shopee),Trên 6 lần/tháng,Từ 2 đến 3 năm,4,4,4,4,4,4,4,4,4,4,4,4,4,4,4,4,4,4,4,4,4,4,4,4,4,4,4,4,Thiện Nhẫn,,,,,,
4/17/2024 17:09:47,Không,,,,,,,,,,,,,,,,,,,,,,,,,,,,,,,,,,,,,Thiện Nhẫn,,,,,,
4/17/2024 17:10:29,Không,,,,,,,,,,,,,,,,,,,,,,,,,,,,,,,,,,,,,Thiện Nhẫn,,,,,,
4/17/2024 17:19:16,Có,Nữ,Từ 18 đến 25 tuổi,Sinh viên,Dưới 3 triệu đồng,Bình thường,beFood (be),Từ 1 đến 2 lần/tháng,Dưới 1 năm,3,3,4,5,4,4,4,4,5,5,4,3,3,3,3,4,3,3,3,3,4,4,4,4,3,3,3,2,Hồng Ngọc,,,,,,
4/17/2024 17:21:23,Không,,,,,,,,,,,,,,,,,,,,,,,,,,,,,,,,,,,,,Hồng Ngọc,,,,,,
4/17/2024 17:24:07,Có,Nữ,Từ 18 đến 25 tuổi,Sinh viên,Từ 3 đến 5 triệu đồng,Rất bận rộn,beFood (be),Trên 6 lần/tháng,Trên 3 năm,5,5,5,5,5,5,5,5,5,5,5,5,5,5,5,5,5,5,5,5,5,5,5,5,5,5,5,5,Quang Nhật,,,,,,
4/17/2024 17:51:39,Có,Nam,Từ 26 đến 35 tuổi,Khác,Trên 10 triệu đồng,Ít bận rộn,GrabFood (Grab),Trên 5 đến 6 lần/tháng,Dưới 1 năm,4,4,4,4,4,4,4,4,4,4,4,4,4,4,4,4,4,4,4,4,4,4,4,4,4,4,4,4,Thiện Nhẫn,,,,,,
4/17/2024 18:24:54,Không,,,,,,,,,,,,,,,,,,,,,,,,,,,,,,,,,,,,,Thiện Nhẫn,,,,,,
4/17/2024 19:16:16,Có,Nam,Từ 18 đến 25 tuổi,Sinh viên,Dưới 3 triệu đồng,Ít bận rộn,GrabFood (Grab),Ít hơn 1 lần/tháng,Dưới 1 năm,4,4,4,4,4,4,4,4,4,4,4,4,4,4,4,4,4,4,4,4,4,4,4,4,4,4,4,4,Thiện Nhẫn,,,,,,
4/17/2024 20:16:04,Không,,,,,,,,,,,,,,,,,,,,,,,,,,,,,,,,,,,,,Nhã Tuyên,,,,,,
4/17/2024 20:20:26,Có,Nam,Từ 18 đến 25 tuổi,Khác,Dưới 3 triệu đồng,Bình thường,ShopeeFood (Shopee),Ít hơn 1 lần/tháng,Dưới 1 năm,3,3,3,3,3,3,3,3,3,3,3,3,3,3,3,3,3,4,3,3,3,3,3,3,3,3,3,3,Nhã Tuyên,,,,,,
4/17/2024 20:34:16,Có,Nam,Từ 18 đến 25 tuổi,Khác,Từ 3 đến 5 triệu đồng,Ít bận rộn,GrabFood (Grab),Từ 1 đến 2 lần/tháng,Từ 1 đến 2 năm,4,4,4,4,4,4,4,4,4,4,4,4,4,4,4,4,4,4,4,4,4,4,4,4,4,4,4,4,Nhã Tuyên,,,,,,
4/17/2024 20:38:09,Có,Nam,Từ 26 đến 35 tuổi,Thất nghiệp,Dưới 3 triệu đồng,Rất ít bận rộn,GoFood (Gojek),Từ 3 đến 4 lần/tháng,Từ 1 đến 2 năm,4,4,4,4,4,4,4,4,4,4,4,4,4,4,4,4,4,4,4,4,4,4,4,4,4,4,4,4,Nhã Tuyên,,,,,,
4/17/2024 20:41:51,Có,Nam,Từ 18 đến 25 tuổi,Nhân viên bán thời gian,Từ 3 đến 5 triệu đồng,Bận rộn,beFood (be),Trên 5 đến 6 lần/tháng,Từ 1 đến 2 năm,4,4,4,4,4,4,4,4,4,4,4,4,4,4,4,4,4,4,4,4,4,4,4,4,4,4,4,4,Nhã Tuyên,,,,,,
4/17/2024 21:10:28,Có,Nữ,Từ 18 đến 25 tuổi,Sinh viên,Dưới 3 triệu đồng,Bình thường,ShopeeFood (Shopee),Ít hơn 1 lần/tháng,Dưới 1 năm,4,4,4,4,4,4,4,4,4,4,4,4,4,4,4,4,4,4,4,4,4,4,4,4,4,4,4,4,Nhã Tuyên,,,,,,
4/17/2024 21:21:31,Có,Nữ,Từ 36 đến 45 tuổi,Khác,Trên 10 triệu đồng,Rất bận rộn,GrabFood (Grab),Trên 6 lần/tháng,Trên 3 năm,5,5,5,5,5,5,5,5,5,5,5,3,5,5,5,5,5,5,5,5,5,5,5,5,5,5,5,5,Nhã Tuyên,,,,,,
4/17/2024 21:54:57,Không,,,,,,,,,,,,,,,,,,,,,,,,,,,,,,,,,,,,,Thiện Nhẫn,,,,,,
4/17/2024 21:56:05,Có,Nữ,Từ 26 đến 35 tuổi,Khác,Trên 10 triệu đồng,Bận rộn,GrabFood (Grab),Từ 3 đến 4 lần/tháng,Trên 3 năm,4,4,4,5,5,5,4,5,5,5,5,5,5,5,5,5,5,4,4,4,5,5,5,5,5,5,4,5,Nhã Tuyên,,,,,,
4/18/2024 1:57:23,Có,Nữ,Từ 18 đến 25 tuổi,Sinh viên,Dưới 3 triệu đồng,Ít bận rộn,ShopeeFood (Shopee),Trên 6 lần/tháng,Từ 2 đến 3 năm,5,5,5,5,4,4,4,4,4,4,4,4,4,4,4,4,4,4,4,4,4,4,4,4,4,4,4,4,Nhã Tuyên,,,,,,
4/18/2024 8:34:21,Có,Nam,Từ 18 đến 25 tuổi,Khác,Từ 3 đến 5 triệu đồng,Rất ít bận rộn,GoFood (Gojek),Từ 1 đến 2 lần/tháng,Từ 1 đến 2 năm,4,3,4,3,4,3,4,4,3,4,3,4,4,3,3,4,3,4,4,3,3,4,3,3,4,3,4,3,Nhã Tuyên,,,,,,
4/18/2024 16:25:31,Có,Nữ,Từ 26 đến 35 tuổi,Khác,Trên 10 triệu đồng,Bình thường,GrabFood (Grab),Từ 3 đến 4 lần/tháng,Từ 2 đến 3 năm,4,3,3,3,4,5,4,4,5,5,5,5,4,4,4,4,4,4,4,4,4,4,4,4,4,4,4,4,Thu Hương,,,,,,
4/18/2024 23:38:33,Có,Nam,Từ 46 đến 55 tuổi,Thất nghiệp,Từ 5 đến 10 triệu đồng,Bình thường,GrabFood (Grab),Trên 5 đến 6 lần/tháng,Từ 2 đến 3 năm,1,2,2,3,1,2,1,3,1,2,3,2,3,1,2,3,1,1,3,1,1,3,1,2,2,1,2,2,Quang Nhật,,,,,,
4/20/2024 2:21:29,Có,Nam,Từ 18 đến 25 tuổi,Sinh viên,Từ 5 đến 10 triệu đồng,Bận rộn,GoFood (Gojek),Trên 5 đến 6 lần/tháng,Từ 1 đến 2 năm,5,5,5,5,5,5,5,5,5,5,5,5,5,5,5,5,5,5,5,5,5,5,5,5,5,5,5,5,Hồng Ngọc,,,,,,
4/20/2024 2:25:48,Có,Nam,Từ 18 đến 25 tuổi,Sinh viên,Từ 3 đến 5 triệu đồng,Bình thường,GrabFood (Grab),Trên 6 lần/tháng,Từ 1 đến 2 năm,4,4,3,4,5,4,4,3,4,4,5,4,5,4,4,4,4,4,3,4,4,4,3,4,5,5,4,4,Hồng Ngọc,,,,,,
4/21/2024 22:47:41,Có,Nữ,Từ 18 đến 25 tuổi,Sinh viên,Dưới 3 triệu đồng,Bình thường,ShopeeFood (Shopee),Từ 1 đến 2 lần/tháng,Dưới 1 năm,3,3,3,3,3,3,3,3,3,3,3,3,3,3,3,3,3,3,3,3,3,3,3,3,3,3,3,3,Hồng Ngọc,,,,,,
4/21/2024 23:12:09,Có,Nam,Từ 18 đến 25 tuổi,Khác,Trên 10 triệu đồng,Bận rộn,ShopeeFood (Shopee),Từ 1 đến 2 lần/tháng,Trên 3 năm,5,5,5,5,5,5,5,5,5,5,5,5,5,5,5,5,5,5,5,5,5,5,5,5,5,5,5,5,Hồng Ngọc,,,,,,
4/21/2024 23:15:56,Có,Nữ,Từ 18 đến 25 tuổi,Sinh viên,Từ 3 đến 5 triệu đồng,Bận rộn,beFood (be),Ít hơn 1 lần/tháng,Từ 1 đến 2 năm,4,4,4,4,5,5,5,5,4,4,4,4,5,4,4,4,4,4,4,4,5,4,4,4,5,4,4,4,Hồng Ngọc,,,,,,
4/21/2024 23:17:39,Có,Nữ,Từ 18 đến 25 tuổi,Sinh viên,Từ 3 đến 5 triệu đồng,Bận rộn,beFood (be),Trên 6 lần/tháng,Từ 2 đến 3 năm,5,5,4,5,4,5,5,5,5,5,5,5,4,4,4,5,4,4,4,4,5,5,5,5,5,5,5,5,Hồng Ngọc,,,,,,
4/21/2024 23:18:20,Có,Nữ,Từ 18 đến 25 tuổi,Sinh viên,Dưới 3 triệu đồng,Bình thường,GrabFood (Grab),Trên 5 đến 6 lần/tháng,Từ 1 đến 2 năm,4,4,4,4,4,4,4,4,4,4,4,4,4,4,4,4,4,4,4,4,4,4,4,4,4,4,4,4,Hồng Ngọc,,,,,,
4/21/2024 23:26:20,Có,Nữ,Từ 18 đến 25 tuổi,Sinh viên,Dưới 3 triệu đồng,Bình thường,beFood (be),Ít hơn 1 lần/tháng,Dưới 1 năm,4,4,4,4,4,4,4,4,4,4,4,4,4,4,4,4,4,4,4,4,4,4,4,4,4,4,4,4,Hồng Ngọc,,,,,,
4/21/2024 23:28:04,Có,Nữ,Từ 18 đến 25 tuổi,Sinh viên,Dưới 3 triệu đồng,Bình thường,GrabFood (Grab),Từ 3 đến 4 lần/tháng,Dưới 1 năm,3,3,2,4,4,5,5,4,5,5,3,3,3,3,3,4,3,3,4,3,4,4,5,5,4,4,4,3,Hồng Ngọc,,,,,,
4/21/2024 23:36:27,Có,Nữ,Từ 18 đến 25 tuổi,Sinh viên,Dưới 3 triệu đồng,Bình thường,ShopeeFood (Shopee),Từ 3 đến 4 lần/tháng,Dưới 1 năm,5,5,5,5,5,5,5,5,5,5,5,5,5,5,5,5,5,5,5,5,5,5,5,5,5,5,5,5,Nhã Tuyên,,,,,,
4/21/2024 23:37:50,Có,Nam,Từ 18 đến 25 tuổi,Sinh viên,Dưới 3 triệu đồng,Bình thường,ShopeeFood (Shopee),Từ 1 đến 2 lần/tháng,Dưới 1 năm,3,3,3,4,4,4,4,3,4,4,3,3,3,4,3,3,3,3,3,3,3,3,4,4,4,4,4,3,Hồng Ngọc,,,,,,
4/21/2024 23:40:30,Có,Nữ,Từ 18 đến 25 tuổi,Sinh viên,Dưới 3 triệu đồng,Bận rộn,GrabFood (Grab),Từ 1 đến 2 lần/tháng,Dưới 1 năm,3,3,3,3,4,4,4,4,4,4,4,4,3,3,3,3,3,3,3,3,4,4,4,4,3,3,3,3,Hồng Ngọc,,,,,,
4/21/2024 23:43:20,Có,Nữ,Từ 18 đến 25 tuổi,Sinh viên,Từ 3 đến 5 triệu đồng,Bình thường,ShopeeFood (Shopee),Từ 1 đến 2 lần/tháng,Từ 2 đến 3 năm,4,4,4,4,5,5,5,5,5,5,5,4,3,4,4,4,3,3,4,3,4,4,4,3,4,4,4,4,Hồng Ngọc,,,,,,
4/21/2024 23:47:52,Có,Nữ,Từ 18 đến 25 tuổi,Sinh viên,Dưới 3 triệu đồng,Bận rộn,ShopeeFood (Shopee),Ít hơn 1 lần/tháng,Từ 1 đến 2 năm,3,3,3,4,4,5,5,2,3,4,4,3,4,4,3,3,3,3,3,3,3,3,3,3,3,3,3,3,Hồng Ngọc,,,,,,
4/21/2024 23:57:32,Có,Nữ,Từ 18 đến 25 tuổi,Sinh viên,Từ 3 đến 5 triệu đồng,Bận rộn,ShopeeFood (Shopee),Ít hơn 1 lần/tháng,Từ 1 đến 2 năm,4,3,4,4,5,5,5,5,4,5,5,4,4,5,4,5,4,5,5,4,5,4,5,5,5,4,3,4,Hồng Ngọc,,,,,,
4/22/2024 0:04:33,Có,Nữ,Từ 18 đến 25 tuổi,Nhân viên toàn thời gian,Từ 5 đến 10 triệu đồng,Bình thường,beFood (be),Ít hơn 1 lần/tháng,Dưới 1 năm,4,3,4,4,5,5,4,3,5,5,5,4,3,4,3,3,3,3,3,3,3,4,4,4,4,3,2,1,Hồng Ngọc,,,,,,
4/22/2024 0:05:00,Có,Nam,Từ 18 đến 25 tuổi,Sinh viên,Dưới 3 triệu đồng,Ít bận rộn,GrabFood (Grab),Ít hơn 1 lần/tháng,Từ 2 đến 3 năm,5,5,5,5,2,2,2,2,5,5,5,5,5,5,5,5,5,5,5,5,4,5,5,4,5,2,2,5,Hồng Ngọc,,,,,,
4/22/2024 0:05:56,Có,Nam,Từ 18 đến 25 tuổi,Sinh viên,Dưới 3 triệu đồng,Bình thường,ShopeeFood (Shopee),Từ 3 đến 4 lần/tháng,Từ 1 đến 2 năm,4,3,3,4,3,3,4,4,4,4,3,4,2,3,3,3,2,2,3,3,3,3,4,3,4,3,4,4,Hồng Ngọc,,,,,,
4/22/2024 0:10:11,Có,Nam,Từ 18 đến 25 tuổi,Sinh viên,Từ 3 đến 5 triệu đồng,Bình thường,GrabFood (Grab),Trên 5 đến 6 lần/tháng,Từ 2 đến 3 năm,4,4,3,4,4,5,4,5,4,5,5,4,3,4,3,3,2,2,3,2,3,2,4,4,4,2,2,3,Hồng Ngọc,,,,,,
4/22/2024 0:13:22,Có,Nữ,Từ 18 đến 25 tuổi,Sinh viên,Dưới 3 triệu đồng,Bình thường,ShopeeFood (Shopee),Từ 3 đến 4 lần/tháng,Trên 3 năm,3,3,3,3,3,3,3,3,3,3,3,3,3,3,3,3,3,3,3,3,3,3,3,3,3,3,3,3,Hồng Ngọc,,,,,,
4/22/2024 0:14:30,Có,Nữ,Từ 18 đến 25 tuổi,Sinh viên,Dưới 3 triệu đồng,Rất ít bận rộn,ShopeeFood (Shopee),Ít hơn 1 lần/tháng,Dưới 1 năm,5,5,5,5,5,5,5,5,5,5,5,5,5,5,5,5,5,5,5,5,5,5,5,5,5,5,5,5,Hồng Ngọc,,,,,,
4/22/2024 0:28:31,Có,Nữ,Từ 18 đến 25 tuổi,Sinh viên,Dưới 3 triệu đồng,Bận rộn,ShopeeFood (Shopee),Từ 3 đến 4 lần/tháng,Từ 2 đến 3 năm,4,4,4,4,4,4,4,4,4,4,4,4,4,4,4,4,4,4,4,4,4,4,4,4,4,4,4,4,Hồng Ngọc,,,,,,
4/22/2024 0:36:31,Có,Nữ,Từ 18 đến 25 tuổi,Sinh viên,Dưới 3 triệu đồng,Ít bận rộn,ShopeeFood (Shopee),Trên 5 đến 6 lần/tháng,Từ 1 đến 2 năm,5,5,5,5,5,5,5,5,5,5,5,5,5,5,5,5,5,5,5,5,5,5,5,5,5,5,5,5,Hồng Ngọc,,,,,,
4/22/2024 0:36:32,Có,Nam,Từ 18 đến 25 tuổi,Sinh viên,Dưới 3 triệu đồng,Bình thường,GrabFood (Grab),Từ 1 đến 2 lần/tháng,Trên 3 năm,4,4,4,4,4,4,4,4,4,4,4,4,4,4,4,4,4,4,4,4,4,4,4,4,4,4,4,4,Hồng Ngọc,,,,,,
4/22/2024 0:38:40,Không,,,,,,,,,,,,,,,,,,,,,,,,,,,,,,,,,,,,,Hồng Ngọc,,,,,,
4/22/2024 9:13:25,Có,Nữ,Từ 18 đến 25 tuổi,Sinh viên,Dưới 3 triệu đồng,Rất ít bận rộn,GrabFood (Grab),Ít hơn 1 lần/tháng,Dưới 1 năm,1,2,3,2,2,1,1,3,3,3,2,2,1,2,2,2,1,2,1,3,2,1,2,2,1,2,2,2,Hồng Ngọc,,,,,,
4/22/2024 10:53:02,Có,Nam,Từ 26 đến 35 tuổi,Khác,Trên 10 triệu đồng,Bình thường,GrabFood (Grab),Trên 6 lần/tháng,Từ 2 đến 3 năm,3,3,3,3,3,3,3,3,3,3,3,3,3,3,3,3,3,3,3,3,3,3,3,3,3,3,3,3,Nhã Tuyên,,,,,,
4/22/2024 10:57:31,Có,Nữ,Từ 18 đến 25 tuổi,Sinh viên,Dưới 3 triệu đồng,Bình thường,ShopeeFood (Shopee),Từ 1 đến 2 lần/tháng,Từ 1 đến 2 năm,5,5,5,5,5,5,5,5,5,5,5,5,5,5,5,5,5,5,5,5,5,5,5,5,5,5,5,5,Hồng Ngọc,,,,,,
4/22/2024 12:25:23,Không,,,,,,,,,,,,,,,,,,,,,,,,,,,,,,,,,,,,,Hồng Ngọc,,,,,,
4/22/2024 15:21:38,Có,Nam,Từ 18 đến 25 tuổi,Sinh viên,Từ 3 đến 5 triệu đồng,Bận rộn,GrabFood (Grab),Trên 6 lần/tháng,Từ 1 đến 2 năm,4,4,4,4,4,4,4,4,4,4,4,4,4,4,3,3,3,3,3,3,4,4,4,4,4,2,3,2,Hồng Ngọc,,,,,,
4/22/2024 15:30:17,Không,,,,,,,,,,,,,,,,,,,,,,,,,,,,,,,,,,,,,Hồng Ngọc,,,,,,
4/22/2024 18:00:55,Có,Nam,Từ 18 đến 25 tuổi,Sinh viên,Dưới 3 triệu đồng,Bận rộn,GrabFood (Grab),Trên 5 đến 6 lần/tháng,Từ 2 đến 3 năm,5,4,5,4,5,5,4,5,5,4,5,4,5,5,4,5,5,4,5,4,5,5,4,4,5,4,4,5,Khác,,,,,,
4/22/2024 19:24:17,Có,Nam,Từ 18 đến 25 tuổi,Sinh viên,Dưới 3 triệu đồng,Bận rộn,GrabFood (Grab),Trên 5 đến 6 lần/tháng,Từ 2 đến 3 năm,4,4,4,3,4,2,3,4,5,5,4,4,4,3,4,2,4,3,4,3,4,4,3,4,5,3,3,4,Hồng Ngọc,,,,,,
4/22/2024 19:38:46,Có,Nữ,Từ 18 đến 25 tuổi,Sinh viên,Dưới 3 triệu đồng,Bận rộn,ShopeeFood (Shopee),Từ 1 đến 2 lần/tháng,Từ 1 đến 2 năm,4,4,4,4,4,4,4,4,4,4,4,4,4,4,4,4,4,4,4,4,4,4,4,4,4,4,4,4,Hồng Ngọc,,,,,,
4/22/2024 22:08:06,Có,Nữ,Từ 18 đến 25 tuổi,Sinh viên,Từ 3 đến 5 triệu đồng,Bình thường,GrabFood (Grab),Trên 6 lần/tháng,Từ 1 đến 2 năm,4,3,4,4,4,4,4,4,3,4,3,4,4,4,4,4,3,4,3,4,4,4,4,3,4,4,4,4,Hồng Ngọc,,,,,,
4/23/2024 2:25:08,Có,Nữ,Từ 18 đến 25 tuổi,Sinh viên,Từ 3 đến 5 triệu đồng,Bận rộn,GoFood (Gojek),Ít hơn 1 lần/tháng,Từ 1 đến 2 năm,3,3,2,4,4,4,3,5,5,5,4,4,3,3,3,3,3,3,3,3,2,4,4,4,4,2,2,2,Khác,,,,,,
4/23/2024 13:08:41,Có,Nữ,Từ 18 đến 25 tuổi,Sinh viên,Dưới 3 triệu đồng,Ít bận rộn,GrabFood (Grab),Trên 5 đến 6 lần/tháng,Từ 2 đến 3 năm,4,4,4,4,5,5,5,5,5,5,5,5,5,5,4,4,4,4,4,4,4,4,5,5,5,4,3,3,Thu Hương,,,,,,
4/23/2024 14:27:57,Có,Nam,Từ 18 đến 25 tuổi,Sinh viên,Từ 5 đến 10 triệu đồng,Bình thường,ShopeeFood (Shopee),Trên 6 lần/tháng,Từ 1 đến 2 năm,4,4,4,4,5,5,1,4,5,5,5,5,4,4,3,3,4,2,2,2,4,3,4,4,4,2,3,3,Thu Hương,,,,,,
4/23/2024 16:06:37,Có,Nam,Từ 18 đến 25 tuổi,Sinh viên,Dưới 3 triệu đồng,Bình thường,Khác,Từ 3 đến 4 lần/tháng,Từ 1 đến 2 năm,3,3,4,4,3,4,3,3,4,4,3,3,4,3,3,4,3,4,3,3,4,3,3,4,4,3,3,3,Thu Hương,,,,,,
4/23/2024 16:20:56,Có,Nữ,Từ 18 đến 25 tuổi,Sinh viên,Từ 5 đến 10 triệu đồng,Bình thường,ShopeeFood (Shopee),Từ 1 đến 2 lần/tháng,Từ 1 đến 2 năm,5,3,3,5,5,5,5,5,5,5,5,5,3,4,4,3,5,4,4,3,5,5,5,5,5,2,3,4,Thu Hương,,,,,,
4/23/2024 19:34:03,Có,Nam,Từ 26 đến 35 tuổi,Nội trợ,Từ 5 đến 10 triệu đồng,Bận rộn,GrabFood (Grab),Từ 3 đến 4 lần/tháng,Trên 3 năm,5,4,4,5,3,4,4,3,5,3,3,2,5,4,4,3,4,5,3,4,4,3,3,3,5,2,3,4,Quang Nhật,,,,,,
4/23/2024 22:25:54,Có,Nam,Trên 55 tuổi,Về hưu,Trên 10 triệu đồng,Ít bận rộn,GrabFood (Grab),Từ 3 đến 4 lần/tháng,Dưới 1 năm,4,5,4,5,5,5,5,5,4,5,5,5,5,5,5,4,3,3,4,3,4,5,5,5,4,3,3,3,Thu Hương,,,,,,
4/23/2024 22:31:03,Có,Nữ,Từ 18 đến 25 tuổi,Sinh viên,Dưới 3 triệu đồng,Bình thường,beFood (be),Từ 3 đến 4 lần/tháng,Từ 1 đến 2 năm,4,5,3,3,5,5,5,5,5,5,5,5,4,3,3,3,5,4,3,3,5,5,5,5,5,5,2,5,Hồng Ngọc,,,,,,
4/24/2024 0:07:37,Có,Nam,Từ 18 đến 25 tuổi,Sinh viên,Dưới 3 triệu đồng,Rất ít bận rộn,GrabFood (Grab),Từ 1 đến 2 lần/tháng,Từ 2 đến 3 năm,3,3,3,4,4,4,4,3,4,4,4,4,4,3,4,4,4,4,4,4,4,3,4,4,4,4,4,4,Quang Nhật,,,,,,
4/24/2024 0:10:19,Có,Nữ,Từ 26 đến 35 tuổi,Nhân viên toàn thời gian,Từ 5 đến 10 triệu đồng,Bận rộn,ShopeeFood (Shopee),Từ 1 đến 2 lần/tháng,Từ 2 đến 3 năm,4,4,3,4,4,4,4,3,4,4,4,4,4,4,3,3,4,3,3,3,4,4,4,4,3,3,3,3,Thu Hương,,,,,,
4/24/2024 0:11:43,Có,Nam,Từ 46 đến 55 tuổi,Nhân viên toàn thời gian,Trên 10 triệu đồng,Bận rộn,GrabFood (Grab),Trên 5 đến 6 lần/tháng,Trên 3 năm,4,4,4,4,4,4,4,4,4,4,4,4,4,4,3,3,3,3,3,3,4,4,4,4,3,3,3,3,Thu Hương,,,,,,
4/24/2024 2:10:33,Có,Nữ,Từ 18 đến 25 tuổi,Sinh viên,Từ 3 đến 5 triệu đồng,Bận rộn,GrabFood (Grab),Ít hơn 1 lần/tháng,Từ 1 đến 2 năm,4,4,4,5,5,5,5,4,5,5,4,5,4,4,4,4,4,4,4,4,5,5,5,5,5,4,4,4,Thu Hương,,,,,,
4/24/2024 2:12:46,Có,Nam,Từ 26 đến 35 tuổi,Nhân viên toàn thời gian,Từ 5 đến 10 triệu đồng,Bận rộn,ShopeeFood (Shopee),Từ 1 đến 2 lần/tháng,Từ 2 đến 3 năm,4,4,4,3,4,4,4,4,4,3,3,4,4,3,3,4,4,3,4,4,4,4,5,4,4,3,3,3,Thu Hương,,,,,,
4/24/2024 2:15:39,Có,Nữ,Từ 36 đến 45 tuổi,Nhân viên toàn thời gian,Trên 10 triệu đồng,Bận rộn,GrabFood (Grab),Từ 1 đến 2 lần/tháng,Trên 3 năm,4,4,3,3,3,3,3,3,5,5,4,4,4,3,3,3,4,3,3,3,4,4,3,3,4,2,3,3,Thu Hương,,,,,,
4/24/2024 12:15:00,Có,Nữ,Từ 18 đến 25 tuổi,Sinh viên,Dưới 3 triệu đồng,Bận rộn,ShopeeFood (Shopee),Ít hơn 1 lần/tháng,Dưới 1 năm,4,3,4,4,3,4,3,4,4,5,4,4,4,5,4,4,4,4,4,3,4,4,4,4,4,4,4,4,Nhã Tuyên,,,,,,
4/24/2024 14:27:15,Có,Nữ,Từ 46 đến 55 tuổi,Về hưu,Trên 10 triệu đồng,Bình thường,GrabFood (Grab),Ít hơn 1 lần/tháng,Trên 3 năm,4,4,4,5,5,4,4,4,5,5,4,4,4,4,4,3,3,3,3,3,4,4,4,3,4,3,2,2,Thu Hương,,,,,,
4/24/2024 14:38:11,Có,Nữ,Từ 18 đến 25 tuổi,Sinh viên,Dưới 3 triệu đồng,Ít bận rộn,GrabFood (Grab),Từ 3 đến 4 lần/tháng,Từ 1 đến 2 năm,4,3,4,5,4,5,5,4,4,5,5,4,4,5,3,4,3,4,4,4,4,4,5,5,4,3,3,3,Nhã Tuyên,,,,,,
4/24/2024 14:40:47,Có,Nam,Từ 26 đến 35 tuổi,Nhân viên toàn thời gian,Từ 5 đến 10 triệu đồng,Bận rộn,GrabFood (Grab),Trên 5 đến 6 lần/tháng,Từ 2 đến 3 năm,3,3,3,4,4,4,4,4,4,4,4,4,3,3,3,3,3,3,3,3,4,4,4,4,3,2,2,3,Nhã Tuyên,,,,,,
4/24/2024 14:43:33,Có,Nữ,Từ 18 đến 25 tuổi,Sinh viên,Dưới 3 triệu đồng,Bình thường,beFood (be),Từ 1 đến 2 lần/tháng,Dưới 1 năm,4,4,4,5,4,4,4,4,4,4,4,4,4,3,3,3,3,3,3,3,4,4,4,4,3,4,3,3,Nhã Tuyên,,,,,,
4/24/2024 14:45:34,Có,Nữ,Từ 18 đến 25 tuổi,Sinh viên,Dưới 3 triệu đồng,Rất ít bận rộn,ShopeeFood (Shopee),Ít hơn 1 lần/tháng,Dưới 1 năm,3,3,3,4,3,4,4,4,5,5,4,4,3,4,3,3,4,3,3,2,4,5,4,4,4,4,3,2,Nhã Tuyên,,,,,,
4/24/2024 14:47:24,Có,Nữ,Từ 18 đến 25 tuổi,Sinh viên,Dưới 3 triệu đồng,Ít bận rộn,GoFood (Gojek),Từ 1 đến 2 lần/tháng,Từ 1 đến 2 năm,4,4,3,4,4,4,4,4,4,4,4,4,3,4,3,3,3,3,3,3,4,4,5,5,4,4,3,3,Nhã Tuyên,,,,,,
4/24/2024 14:49:03,Có,Nữ,Từ 18 đến 25 tuổi,Sinh viên,Dưới 3 triệu đồng,Ít bận rộn,ShopeeFood (Shopee),Ít hơn 1 lần/tháng,Dưới 1 năm,4,3,4,5,5,5,5,4,4,4,3,4,4,4,3,3,4,3,4,4,4,5,5,5,5,4,3,4,Nhã Tuyên,,,,,,
4/24/2024 15:23:44,Có,Nam,Từ 18 đến 25 tuổi,Sinh viên,Từ 3 đến 5 triệu đồng,Ít bận rộn,beFood (be),Từ 3 đến 4 lần/tháng,Từ 1 đến 2 năm,4,3,3,4,3,3,4,4,4,4,5,3,4,5,3,4,4,5,4,4,4,3,4,4,4,4,3,5,Quang Nhật,,,,,,
4/24/2024 15:26:56,Có,Nam,Từ 18 đến 25 tuổi,Sinh viên,Dưới 3 triệu đồng,Bình thường,GrabFood (Grab),Ít hơn 1 lần/tháng,Dưới 1 năm,4,4,4,5,5,4,4,5,5,5,5,5,4,5,3,4,4,3,4,4,4,4,5,5,4,4,4,4,Thiện Nhẫn,,,,,,
4/24/2024 15:27:12,Có,Nam,Từ 26 đến 35 tuổi,Nhân viên toàn thời gian,Từ 5 đến 10 triệu đồng,Bình thường,GoFood (Gojek),Trên 5 đến 6 lần/tháng,Từ 2 đến 3 năm,5,4,5,3,5,4,3,5,4,3,4,3,4,5,3,4,3,2,2,4,3,2,4,3,4,3,4,5,Quang Nhật,,,,,,
4/24/2024 15:28:54,Có,Nam,Từ 18 đến 25 tuổi,Sinh viên,Từ 3 đến 5 triệu đồng,Bình thường,beFood (be),Từ 1 đến 2 lần/tháng,Từ 1 đến 2 năm,4,5,5,4,4,5,5,4,4,4,5,5,5,5,4,4,4,4,4,4,4,4,4,5,4,4,5,4,Thiện Nhẫn,,,,,,
4/24/2024 15:29:37,Không,,,,,,,,,,,,,,,,,,,,,,,,,,,,,,,,,,,,,Nhã Tuyên,,,,,,
4/24/2024 15:29:45,Không,,,,,,,,,,,,,,,,,,,,,,,,,,,,,,,,,,,,,Quang Nhật,,,,,,
4/24/2024 15:29:56,Không,,,,,,,,,,,,,,,,,,,,,,,,,,,,,,,,,,,,,Quang Nhật,,,,,,
4/24/2024 15:30:05,Không,,,,,,,,,,,,,,,,,,,,,,,,,,,,,,,,,,,,,Quang Nhật,,,,,,
4/24/2024 23:28:11,Không,,,,,,,,,,,,,,,,,,,,,,,,,,,,,,,,,,,,,Hồng Ngọc,,,,,,
4/25/2024 11:37:12,Không,,,,,,,,,,,,,,,,,,,,,,,,,,,,,,,,,,,,,Hồng Ngọc,,,,,,
4/26/2024 15:17:24,Có,Nam,Từ 18 đến 25 tuổi,Sinh viên,Từ 3 đến 5 triệu đồng,Bận rộn,ShopeeFood (Shopee),Từ 1 đến 2 lần/tháng,Từ 1 đến 2 năm,4,4,4,5,5,5,4,5,5,5,5,5,4,4,3,4,3,3,4,3,5,5,5,5,4,3,3,3,Khác,,,,,,
5/4/2024 22:50:40,Có,Nữ,Từ 18 đến 25 tuổi,Sinh viên,Từ 3 đến 5 triệu đồng,Bận rộn,GrabFood (Grab),Từ 1 đến 2 lần/tháng,Từ 1 đến 2 năm,4,3,3,4,5,4,4,4,5,5,4,4,4,4,3,3,4,4,3,3,4,4,4,3,4,3,3,3,Thu Hương,,,,,,
5/5/2024 21:56:55,Có,Nam,Từ 18 đến 25 tuổi,Sinh viên,Dưới 3 triệu đồng,Bình thường,GoFood (Gojek),Từ 1 đến 2 lần/tháng,Từ 1 đến 2 năm,4,4,4,5,5,4,4,5,5,5,5,4,5,5,4,3,4,3,3,4,4,4,5,5,5,4,4,5,Thiện Nhẫn,,,,,,
5/5/2024 21:58:32,Có,Nam,Từ 18 đến 25 tuổi,Sinh viên,Từ 3 đến 5 triệu đồng,Ít bận rộn,GrabFood (Grab),Từ 3 đến 4 lần/tháng,Từ 1 đến 2 năm,4,5,5,4,5,4,4,4,5,4,5,5,5,4,4,4,4,3,3,4,4,4,4,5,4,5,5,4,Thiện Nhẫn,,,,,,
5/5/2024 21:59:38,Có,Nam,Từ 18 đến 25 tuổi,Sinh viên,Từ 5 đến 10 triệu đồng,Bận rộn,ShopeeFood (Shopee),Từ 3 đến 4 lần/tháng,Từ 2 đến 3 năm,4,5,5,4,5,5,4,5,5,4,4,4,4,5,4,4,4,4,4,5,5,4,4,4,4,5,5,4,Thiện Nhẫn,,,,,,
5/5/2024 22:00:54,Có,Nữ,Từ 36 đến 45 tuổi,Khác,Trên 10 triệu đồng,Bình thường,beFood (be),Từ 3 đến 4 lần/tháng,Từ 2 đến 3 năm,5,4,4,4,4,5,4,4,4,5,5,4,4,4,5,4,5,4,5,5,4,5,5,4,4,4,5,4,Thiện Nhẫn,,,,,,
5/5/2024 22:02:06,Có,Nam,Từ 36 đến 45 tuổi,Khác,Trên 10 triệu đồng,Bình thường,beFood (be),Từ 3 đến 4 lần/tháng,Từ 2 đến 3 năm,5,5,4,4,4,4,5,4,5,4,3,4,4,4,3,3,3,4,5,4,4,4,5,4,4,3,4,4,Thiện Nhẫn,,,,,,
5/5/2024 22:03:11,Có,Nam,Từ 46 đến 55 tuổi,Thất nghiệp,Trên 10 triệu đồng,Bận rộn,GrabFood (Grab),Từ 3 đến 4 lần/tháng,Từ 1 đến 2 năm,4,5,4,4,4,4,5,4,5,5,4,4,5,4,4,4,4,3,3,4,4,3,5,4,4,3,5,4,Thiện Nhẫn,,,,,,
5/5/2024 22:06:01,Có,Nam,Từ 36 đến 45 tuổi,Thất nghiệp,Trên 10 triệu đồng,Bận rộn,ShopeeFood (Shopee),Từ 3 đến 4 lần/tháng,Từ 1 đến 2 năm,5,4,4,5,5,4,4,5,4,4,3,5,5,4,3,3,4,3,5,4,4,3,5,4,4,3,4,4,Thiện Nhẫn,,,,,,
5/5/2024 23:53:31,Có,Nữ,Từ 36 đến 45 tuổi,Nhân viên toàn thời gian,Trên 10 triệu đồng,Bình thường,GrabFood (Grab),Ít hơn 1 lần/tháng,Từ 1 đến 2 năm,3,3,3,4,4,3,2,3,4,4,3,3,4,3,2,3,3,2,2,2,4,3,4,3,3,2,3,2,Thu Hương,,,,,,
5/5/2024 23:59:59,Có,Nam,Từ 26 đến 35 tuổi,Nhân viên toàn thời gian,Trên 10 triệu đồng,Bận rộn,ShopeeFood (Shopee),Từ 1 đến 2 lần/tháng,Từ 2 đến 3 năm,5,4,4,5,5,4,3,3,5,5,4,5,5,5,4,4,5,5,4,4,5,5,4,4,5,3,4,4,Thu Hương,,,,,,
5/6/2024 0:06:45,Có,Nữ,Từ 18 đến 25 tuổi,Sinh viên,Dưới 3 triệu đồng,Bình thường,ShopeeFood (Shopee),Từ 1 đến 2 lần/tháng,Từ 1 đến 2 năm,4,4,3,3,4,3,3,2,5,5,3,4,4,3,3,3,4,3,3,4,4,3,4,3,4,2,3,3,Thu Hương,,,,,,
5/6/2024 0:10:47,Có,Nữ,Từ 18 đến 25 tuổi,Nhân viên toàn thời gian,Từ 5 đến 10 triệu đồng,Bận rộn,beFood (be),Ít hơn 1 lần/tháng,Từ 2 đến 3 năm,5,5,4,3,5,3,3,4,5,5,3,5,5,4,3,4,5,4,4,4,5,4,4,4,4,3,4,3,Thu Hương,,,,,,
5/6/2024 0:13:52,Có,Nam,Từ 46 đến 55 tuổi,Nhân viên toàn thời gian,Trên 10 triệu đồng,Bình thường,ShopeeFood (Shopee),Ít hơn 1 lần/tháng,Dưới 1 năm,4,3,4,4,4,3,3,4,5,5,3,3,4,4,3,2,4,3,3,2,3,3,3,4,3,3,3,2,Thu Hương,,,,,,
5/6/2024 0:16:38,Có,Nam,Từ 18 đến 25 tuổi,Sinh viên,Từ 3 đến 5 triệu đồng,Rất bận rộn,beFood (be),Ít hơn 1 lần/tháng,Từ 1 đến 2 năm,5,3,4,4,4,2,2,2,5,5,2,4,4,3,3,4,4,3,4,4,4,3,4,3,4,4,3,2,Thu Hương,,,,,,
5/8/2024 14:16:20,Có,Nữ,Từ 18 đến 25 tuổi,Sinh viên,Dưới 3 triệu đồng,Bận rộn,beFood (be),Ít hơn 1 lần/tháng,Dưới 1 năm,3,3,4,3,4,3,2,3,5,5,3,4,4,3,2,4,4,3,3,3,4,4,4,3,4,2,3,3,Thu Hương,,,,,,
